Time (s),Indentation force (mN),Displacement (nm),
0,0,0,
1,0.033428,58.79179472,
1.2,0.424918,72.68487292,
1.4,1.422365,163.8966828,
1.6,2.424337,195.2999934,
1.8,3.424287,201.3212791,
2,4.423595,217.3913873,
2.2,5.419398,257.1199717,
2.4,6.419279,283.5249866,
2.6,7.419354,301.7687616,
2.8,8.421499,344.4333321,
3,9.42427,361.7366198,
3.2,10.42419,359.4118414,
3.4,11.42395,372.3922748,
3.6,12.424107,405.3953729,
3.8,13.424132,424.8499156,
4,14.421695,441.8761232,
4.2,15.423768,470.3729645,
4.4,16.424028,491.031305,
4.6,17.420752,484.1771262,
4.8,18.419113,496.3982558,
5,19.419238,532.0782558,
5.2,20.419131,545.5101262,
5.4,21.419078,569.4545301,
5.6,22.420341,585.6479085,
5.8,23.424061,595.4203503,
6,24.423467,582.8108456,
6.2,25.422665,595.9352636,
6.4,26.424148,625.6106104,
6.6,27.424054,638.8286375,
6.8,28.424057,652.5821813,
7,29.424067,670.2139457,
7.2,30.424018,664.0215675,
7.4,31.424021,667.9981536,
7.6,32.42406,689.7493223,
7.8,33.42417,714.5346843,
8,34.423373,720.8017083,
8.2,35.419264,738.274616,
8.4,36.419104,757.8037849,
8.6,37.419287,755.4581116,
8.8,38.423187,751.9155781,
9,39.424171,768.8919773,
9.2,40.424082,788.6749754,
9.4,41.424021,804.5051562,
9.6,42.42411,821.5637,
9.8,43.42418,838.6677936,
10,44.423534,824.7457324,
10.2,45.419051,817.4577573,
10.4,46.418984,844.4727847,
10.6,47.419082,854.8773373,
10.8,48.419016,868.6392154,
11,49.418979,892.6184862,
11.2,50.418872,896.1922949,
11.4,51.419035,878.1699621,
11.6,52.418848,883.1633896,
11.8,53.41887,898.1131092,
12,54.419544,916.7935804,
12.2,55.423803,938.7494155,
12.4,56.423991,946.1151313,
12.6,57.42401,945.3040257,
12.8,58.424017,942.7735735,
13,59.424064,957.8391928,
13.2,60.424114,976.2587316,
13.4,61.424071,988.1291401,
13.6,62.424078,1011.907766,
13.8,63.424196,1020.091178,
14,64.423534,1002.099433,
14.2,65.41909,1007.175436,
14.4,66.423368,1024.09598,
14.6,67.420897,1024.073936,
14.8,68.418962,1029.007722,
15,69.418995,1055.879092,
15.2,70.419027,1065.302927,
15.4,71.418987,1064.660652,
15.6,72.419131,1073.070675,
15.8,73.419035,1068.089871,
16,74.419659,1071.126245,
16.2,75.423845,1093.236481,
16.4,76.423862,1103.180249,
16.6,77.423953,1103.513034,
16.8,78.424132,1111.97478,
17,79.424023,1122.92756,
17.2,80.423972,1122.743316,
17.4,81.42384,1132.115868,
17.6,82.423908,1155.543011,
17.8,83.423956,1153.159778,
18,84.423519,1146.03369,
18.2,85.419252,1157.141352,
18.4,86.418839,1165.955773,
18.6,87.419179,1170.741525,
18.8,88.419193,1183.198362,
19,89.41911,1202.995293,
19.2,90.419017,1198.670113,
19.4,91.418998,1209.081787,
19.6,92.4189,1217.833019,
19.8,93.418943,1226.20077,
20,94.423299,1231.354665,
20.2,95.424135,1250.091562,
20.4,96.424077,1259.334139,
20.6,97.424102,1252.953704,
20.8,98.42399,1257.387249,
21,99.42404,1266.69829,
21.2,100.424103,1266.475044,
21.4,101.42383,1273.359214,
21.6,102.423883,1294.829058,
21.8,103.423999,1300.224373,
22,104.423937,1307.21341,
22.2,105.423902,1319.702592,
22.4,106.424085,1318.215447,
22.6,107.424062,1318.953916,
22.8,108.42387,1334.607137,
23,109.423932,1344.625194,
23.2,110.424108,1341.072395,
23.4,111.423947,1348.080226,
23.6,112.424147,1357.287971,
23.8,113.42404,1357.933224,
24,114.423983,1377.253832,
24.2,115.423904,1392.011125,
24.4,116.424054,1381.90335,
24.6,117.423878,1385.759052,
24.8,118.421776,1399.796425,
25,119.422013,1395.211857,
25.2,120.424094,1405.308117,
25.4,121.424115,1424.681958,
25.6,122.424026,1419.128117,
25.8,123.424018,1413.077945,
26,124.423943,1429.246597,
26.2,125.424203,1437.378538,
26.4,126.424028,1439.941391,
26.6,127.424057,1453.63438,
26.8,128.424131,1462.897509,
27,129.424055,1455.894696,
27.2,130.423905,1471.209448,
27.4,131.42391,1473.405813,
27.6,132.423962,1467.959636,
27.8,133.423965,1485.06872,
28,134.424128,1491.783185,
28.2,135.423968,1484.564455,
28.4,136.424032,1498.732663,
28.6,137.423973,1509.963141,
28.8,138.423929,1501.517356,
29,139.424057,1514.609141,
29.2,140.423904,1519.16038,
29.4,141.423919,1511.704519,
29.6,142.423931,1526.624496,
29.8,143.423968,1541.255213,
30,144.423989,1532.387881,
30.2,145.424085,1538.192651,
30.4,146.42407,1551.685127,
30.6,147.424444,1546.696486,
30.8,148.42454,1551.181795,
31,149.424054,1571.736326,
31.2,150.423822,1574.090426,
31.4,151.423763,1570.427457,
31.6,152.423847,1595.804564,
31.8,153.423867,1595.696152,
32,154.423757,1592.816906,
32.2,155.423848,1608.492873,
32.4,156.423834,1605.110166,
32.6,157.42383,1606.168095,
32.8,158.423733,1631.26534,
33,159.42396,1625.787412,
33.2,160.420246,1631.018364,
33.4,161.418627,1647.481089,
33.6,162.418715,1636.318864,
33.8,163.418979,1628.736327,
34,164.418762,1646.863742,
34.2,165.418721,1640.933136,
34.4,166.418768,1640.002967,
34.6,167.41901,1661.044998,
34.8,168.419098,1666.86762,
35,169.420437,1667.196003,
35.2,170.423831,1678.332118,
35.4,171.420542,1681.547137,
35.6,172.42165,1673.949094,
35.8,173.423948,1683.425784,
36,174.423417,1704.600041,
36.2,175.418911,1700.62236,
36.4,176.418694,1714.101782,
36.6,177.418743,1714.437127,
36.8,178.41866,1716.872142,
37,179.41909,1728.009544,
37.2,180.418947,1742.784489,
37.4,181.418745,1738.906811,
37.6,182.418899,1744.941208,
37.8,183.420357,1755.820083,
38,184.423864,1760.583554,
38.2,185.423919,1754.415828,
38.4,186.423817,1769.473874,
38.6,187.423851,1782.174901,
38.8,188.423826,1786.196804,
39,189.42395,1796.200923,
39.2,190.423848,1802.637101,
39.4,191.423804,1794.010858,
39.6,192.423671,1800.257497,
39.8,193.423854,1815.334077,
40,194.423683,1812.988004,
40.2,195.423716,1805.639069,
40.4,196.423822,1827.556261,
40.6,197.423891,1823.570777,
40.8,198.423852,1822.619421,
41,199.423818,1842.166043,
41.2,200.420242,1860.847721,
41.4,201.418511,1848.47234,
41.6,202.42187,1871.571621,
41.8,203.424076,1877.778068,
42,204.423785,1858.25762,
42.2,205.423631,1856.97937,
42.4,206.423708,1880.202603,
42.6,207.423643,1879.152975,
42.8,208.423903,1891.531173,
43,209.423996,1900.290214,
43.2,210.423852,1896.652637,
43.4,211.423971,1896.370857,
43.6,212.423755,1905.032252,
43.8,213.423746,1915.521075,
44,214.42401,1912.37333,
44.2,215.423741,1930.856265,
44.4,216.423701,1942.844655,
44.6,217.423706,1934.975366,
44.8,218.423899,1929.170521,
45,219.42062,1940.208205,
45.2,220.4186,1943.599813,
45.4,221.418786,1946.339102,
45.6,222.419057,1969.673484,
45.8,223.418932,1978.719304,
46,224.418882,1969.206941,
46.2,225.418868,1970.38655,
46.4,226.418882,1982.918424,
46.6,227.418957,1979.78496,
46.8,228.418707,1984.870462,
47,229.418814,2005.789277,
47.2,230.41867,1996.611431,
47.4,231.418499,1993.383331,
47.6,232.420013,2008.05855,
47.8,233.423878,2020.345638,
48,234.423772,2023.145214,
48.2,235.423694,2041.081568,
48.4,236.420557,2037.090057,
48.6,237.418526,2014.446388,
48.8,238.418743,2024.037445,
49,239.418725,2033.75157,
49.2,240.418405,2021.393589,
49.4,241.422953,2026.365907,
49.6,242.423956,2057.849147,
49.8,243.423749,2060.178358,
50,244.423629,2045.548535,
50.2,245.423632,2057.713948,
50.4,246.423916,2071.055634,
50.6,247.423629,2063.151176,
50.8,248.423968,2069.648706,
51,249.423646,2082.207303,
51.2,250.423771,2076.279144,
51.4,251.42386,2071.343242,
51.6,252.423807,2098.482236,
51.8,253.424044,2096.053803,
52,254.424146,2097.226947,
52.2,255.424623,2114.472256,
52.4,256.424469,2116.647839,
52.6,257.424034,2117.593449,
52.8,258.42404,2119.468521,
53,259.423825,2128.374702,
53.2,260.423539,2133.685376,
53.4,261.423633,2133.360991,
53.6,262.423679,2144.689174,
53.8,263.423507,2148.555357,
54,264.423659,2132.754394,
54.2,265.423485,2145.487868,
54.4,266.423551,2148.72958,
54.6,267.423923,2147.159317,
54.8,268.423568,2165.589627,
55,269.423673,2175.848692,
55.2,270.423805,2169.846055,
55.4,271.423684,2171.242381,
55.6,272.422415,2188.580072,
55.8,273.418601,2198.091893,
56,274.421165,2199.375148,
56.2,275.423624,2202.752292,
56.4,276.423414,2213.431385,
56.6,277.423667,2207.655644,
56.8,278.423747,2198.706839,
57,279.423723,2221.946379,
57.2,280.423527,2226.136257,
57.4,281.423824,2219.846617,
57.6,282.423617,2228.700186,
57.8,283.423708,2233.062748,
58,284.423911,2224.830441,
58.2,285.423757,2228.959966,
58.4,286.423892,2247.200249,
58.6,287.423765,2266.181086,
58.8,288.42393,2264.27903,
59,289.423465,2276.67229,
59.2,290.421987,2275.446941,
59.4,291.418538,2255.500474,
59.6,292.418822,2263.386373,
59.8,293.418816,2278.520377,
60,294.418755,2280.64685,
60.2,295.418641,2285.46607,
60.4,296.418726,2301.515121,
60.6,297.418533,2298.012889,
60.8,298.418765,2287.131857,
61,299.418792,2296.092984,
61.2,300.406105,2290.735761,
62.2,300.430072,2311.434487,
63.2,300.430072,2311.756082,
64.2,300.430072,2311.177058,
65.2,300.430072,2319.813182,
66.2,300.430072,2314.616265,
67.2,300.430072,2321.726705,
68.2,300.430072,2313.622559,
69.2,300.430072,2327.788369,
70.2,300.430072,2325.727467,
71.2,300.430072,2322.664993,
72.2,300.430072,2327.267395,
73.2,300.430072,2330.964458,
74.2,300.430072,2322.864027,
75.2,300.430072,2328.135044,
76.2,300.430072,2331.017793,
77.2,300.430072,2334.990653,
78.2,300.430072,2326.871504,
79.2,300.430072,2324.867694,
80.2,300.430072,2333.428224,
81.2,300.430072,2336.594053,
82.2,300.430072,2330.559479,
83.2,300.430072,2334.446326,
84.2,300.430072,2342.013582,
85.2,300.430072,2346.803878,
86.2,300.430072,2341.548744,
87.2,300.430072,2346.315054,
88.2,300.430072,2351.727773,
89.2,300.430072,2347.62201,
90.2,300.430072,2358.737058,
91.2,300.430072,2360.567264,
92.2,300.430072,2363.065901,
93.2,300.430072,2367.428865,
94.2,300.430072,2362.702779,
95.2,300.430072,2365.825981,
96.2,300.430072,2374.755448,
97.2,300.430072,2385.431939,
98.2,300.430072,2387.523133,
99.2,300.430072,2392.439933,
100.2,300.430072,2398.248002,
101.2,300.430072,2396.92081,
102.2,300.430072,2398.545777,
103.2,300.430072,2390.86745,
104.2,300.430072,2383.241672,
105.2,300.430072,2372.650853,
106.2,300.430072,2381.88589,
107.2,300.430072,2373.031209,
108.2,300.430072,2370.748241,
109.2,300.430072,2362.75871,
110.2,300.430072,2361.435085,
111.2,300.430072,2365.232989,
112.2,300.430072,2355.301796,
113.2,300.430072,2363.913451,
114.2,300.430072,2361.653387,
115.2,300.430072,2369.392899,
116.2,300.430072,2368.68384,
117.2,300.430072,2365.638605,
118.2,300.430072,2356.714674,
119.2,300.430072,2349.420475,
120.2,300.430072,2361.993659,
121.2,300.430072,2356.82091,
122.2,300.430072,2349.626027,
123.2,300.430072,2352.953952,
124.2,300.430072,2359.267662,
125.2,300.430072,2362.145842,
126.2,300.430072,2358.457896,
127.2,300.430072,2350.289027,
128.2,300.430072,2347.160568,
129.2,300.430072,2343.809425,
130.2,300.430072,2351.593175,
131.2,300.430072,2355.739152,
132.2,300.430072,2359.491986,
133.2,300.430072,2351.519187,
134.2,300.430072,2349.211533,
135.2,300.430072,2351.355854,
136.2,300.430072,2359.067195,
137.2,300.430072,2361.862936,
138.2,300.430072,2358.060587,
139.2,300.430072,2358.686389,
140.2,300.430072,2364.560766,
141.2,300.430072,2362.590143,
142.2,300.430072,2360.468322,
143.2,300.430072,2351.026567,
144.2,300.430072,2353.306849,
145.2,300.430072,2362.021614,
146.2,300.430072,2360.297652,
147.2,300.430072,2363.705974,
148.2,300.430072,2365.300746,
149.2,300.430072,2361.461709,
150.2,300.430072,2363.303262,
151.2,300.430072,2364.59926,
152.2,300.430072,2361.757778,
153.2,300.430072,2366.309715,
154.2,300.430072,2363.029401,
155.2,300.430072,2366.758232,
156.2,300.430072,2361.712263,
157.2,300.430072,2355.713796,
158.2,300.430072,2357.655834,
159.2,300.430072,2350.975719,
160.2,300.430072,2341.836324,
161.2,300.430072,2352.598131,
162.2,300.430072,2346.041544,
163.2,300.430072,2349.253657,
164.2,300.430072,2346.552608,
165.2,300.430072,2342.831003,
166.2,300.430072,2340.516171,
167.2,300.430072,2343.858373,
168.2,300.430072,2346.956743,
169.2,300.430072,2353.171258,
170.2,300.430072,2350.589159,
171.2,300.430072,2362.219343,
172.2,300.430072,2351.374925,
173.2,300.430072,2353.229167,
174.2,300.430072,2350.21244,
175.2,300.430072,2341.789203,
176.2,300.430072,2332.882668,
177.2,300.430072,2338.029439,
178.2,300.430072,2338.572185,
179.2,300.430072,2338.710759,
180.2,300.430072,2326.995423,
181.2,300.430072,2335.295563,
182.2,300.430072,2332.686627,
183.2,300.430072,2331.299716,
184.2,300.430072,2331.487351,
185.2,300.430072,2332.576451,
186.2,300.430072,2335.827194,
187.2,300.430072,2322.859787,
188.2,300.430072,2313.957072,
189.2,300.430072,2317.599899,
190.2,300.430072,2322.159231,
191.2,300.430072,2309.659569,
192.2,300.430072,2319.768096,
193.2,300.430072,2321.333315,
194.2,300.430072,2323.552395,
195.2,300.430072,2319.484921,
196.2,300.430072,2306.851031,
197.2,300.430072,2310.337656,
198.2,300.430072,2309.487002,
199.2,300.430072,2311.082271,
200.2,300.430072,2321.005059,
201.2,300.430072,2327.095775,
202.2,300.430072,2315.959019,
203.2,300.430072,2305.573799,
204.2,300.430072,2296.514955,
205.2,300.430072,2305.895361,
206.2,300.430072,2308.033641,
207.2,300.430072,2309.097396,
208.2,300.430072,2309.940052,
209.2,300.430072,2312.541322,
210.2,300.430072,2310.972857,
211.2,300.430072,2315.644119,
212.2,300.430072,2309.176038,
213.2,300.430072,2313.652968,
214.2,300.430072,2308.37818,
215.2,300.430072,2304.127407,
216.2,300.430072,2298.921465,
217.2,300.430072,2300.89433,
218.2,300.430072,2304.750536,
219.2,300.430072,2302.816456,
220.2,300.430072,2303.810299,
221.2,300.430072,2294.153011,
222.2,300.430072,2290.759793,
223.2,300.430072,2291.415173,
224.2,300.430072,2300.0606,
225.2,300.430072,2289.913331,
226.2,300.430072,2306.553907,
227.2,300.430072,2302.885927,
228.2,300.430072,2307.436887,
229.2,300.430072,2290.26156,
230.2,300.430072,2295.641359,
231.2,300.430072,2291.001981,
232.2,300.430072,2293.974134,
233.2,300.430072,2290.393838,
234.2,300.430072,2294.039279,
235.2,300.430072,2294.302043,
236.2,300.430072,2298.747328,
237.2,300.430072,2299.941312,
238.2,300.430072,2297.157433,
239.2,300.430072,2299.715973,
240.2,300.430072,2311.130702,
241.2,300.430072,2302.418004,
242.2,300.430072,2293.318787,
243.2,300.430072,2296.616373,
244.2,300.430072,2306.652759,
245.2,300.430072,2310.949013,
246.2,300.430072,2301.591984,
247.2,300.430072,2306.085558,
248.2,300.430072,2302.962167,
249.2,300.430072,2300.606353,
250.2,300.430072,2304.616471,
251.2,300.430072,2318.217747,
252.2,300.430072,2299.110965,
253.2,300.430072,2300.570524,
254.2,300.430072,2298.676838,
255.2,300.430072,2301.230283,
256.2,300.430072,2298.083683,
257.2,300.430072,2295.7769,
258.2,300.430072,2297.62371,
259.2,300.430072,2298.058757,
260.2,300.430072,2288.027664,
261.2,300.430072,2302.76239,
262.2,300.430072,2303.352202,
263.2,300.430072,2289.788719,
264.2,300.430072,2291.215065,
265.2,300.430072,2290.688327,
266.2,300.430072,2283.734727,
267.2,300.430072,2287.517281,
268.2,300.430072,2287.604847,
269.2,300.430072,2287.199885,
270.2,300.430072,2284.519938,
271.2,300.430072,2285.795962,
272.2,300.430072,2285.134219,
273.2,300.430072,2278.421325,
274.2,300.430072,2286.173235,
275.2,300.430072,2282.462553,
276.2,300.430072,2286.147233,
277.2,300.430072,2296.037973,
278.2,300.430072,2280.539591,
279.2,300.430072,2287.551189,
280.2,300.430072,2293.676813,
281.2,300.430072,2290.122589,
282.2,300.430072,2295.185916,
283.2,300.430072,2294.373289,
284.2,300.430072,2294.988263,
285.2,300.430072,2287.54536,
286.2,300.430072,2289.442763,
287.2,300.430072,2281.083732,
288.2,300.430072,2292.822787,
289.2,300.430072,2289.368654,
290.2,300.430072,2294.906752,
291.2,300.430072,2304.034448,
292.2,300.430072,2295.727671,
293.2,300.430072,2300.154323,
294.2,300.430072,2306.228313,
295.2,300.430072,2302.721105,
296.2,300.430072,2298.96189,
297.2,300.430072,2301.509823,
298.2,300.430072,2295.889798,
299.2,300.430072,2299.965888,
300.2,300.430072,2298.104394,
301.2,300.430072,2296.401171,
302.2,300.430072,2295.788103,
303.2,300.430072,2295.567967,
304.2,300.430072,2300.312658,
305.2,300.430072,2290.541666,
306.2,300.430072,2302.463192,
307.2,300.430072,2291.031553,
308.2,300.430072,2288.907215,
309.2,300.430072,2294.842821,
310.2,300.430072,2290.984198,
311.2,300.430072,2296.583628,
312.2,300.430072,2291.270576,
313.2,300.430072,2297.439822,
314.2,300.430072,2299.024232,
315.2,300.430072,2288.915479,
316.2,300.430072,2302.880316,
317.2,300.430072,2303.171058,
318.2,300.430072,2303.30884,
319.2,300.430072,2295.22287,
320.2,300.430072,2298.952974,
321.2,300.430072,2304.568884,
322.2,300.430072,2286.341482,
323.2,300.430072,2289.403503,
324.2,300.430072,2293.767414,
325.2,300.430072,2300.249256,
326.2,300.430072,2295.851299,
327.2,300.430072,2293.983644,
328.2,300.430072,2296.431536,
329.2,300.430072,2293.105045,
330.2,300.430072,2295.36117,
331.2,300.430072,2312.557895,
332.2,300.430072,2301.32724,
333.2,300.430072,2307.666771,
334.2,300.430072,2309.13424,
335.2,300.430072,2303.809995,
336.2,300.430072,2304.304135,
337.2,300.430072,2301.976472,
338.2,300.430072,2304.142033,
339.2,300.430072,2303.150137,
340.2,300.430072,2302.711925,
341.2,300.430072,2297.536458,
342.2,300.430072,2301.311296,
343.2,300.430072,2306.292441,
344.2,300.430072,2299.629724,
345.2,300.430072,2303.277524,
346.2,300.430072,2294.637846,
347.2,300.430072,2302.714227,
348.2,300.430072,2294.046876,
349.2,300.430072,2300.614262,
350.2,300.430072,2309.163251,
351.2,300.430072,2314.153516,
352.2,300.430072,2303.836244,
353.2,300.430072,2296.307866,
354.2,300.430072,2310.476686,
355.2,300.430072,2304.714773,
356.2,300.430072,2302.653899,
357.2,300.430072,2305.43295,
358.2,300.430072,2308.212112,
359.2,300.430072,2294.591196,
360.2,300.430072,2308.413647,
361.2,300.430072,2312.097621,
362.2,300.430072,2305.338429,
363.2,300.430072,2303.383243,
364.2,300.430072,2299.399431,
365.2,300.430072,2304.900726,
366.2,300.430072,2289.794687,
367.2,300.430072,2298.995655,
368.2,300.430072,2312.006013,
369.2,300.430072,2296.365294,
370.2,300.430072,2288.26805,
371.2,300.430072,2303.935042,
372.2,300.430072,2305.168474,
373.2,300.430072,2297.175278,
374.2,300.430072,2294.583094,
375.2,300.430072,2298.202447,
376.2,300.430072,2297.509831,
377.2,300.430072,2299.314456,
378.2,300.430072,2294.211433,
379.2,300.430072,2291.99453,
380.2,300.430072,2295.813082,
381.2,300.430072,2298.606221,
382.2,300.430072,2300.247322,
383.2,300.430072,2303.459902,
384.2,300.430072,2300.153009,
385.2,300.430072,2296.457768,
386.2,300.430072,2302.64121,
387.2,300.430072,2308.753376,
388.2,300.430072,2303.98081,
389.2,300.430072,2300.462606,
390.2,300.430072,2298.975385,
391.2,300.430072,2303.298314,
392.2,300.430072,2288.256204,
393.2,300.430072,2290.296755,
394.2,300.430072,2301.48406,
395.2,300.430072,2298.341583,
396.2,300.430072,2312.780432,
397.2,300.430072,2315.423942,
398.2,300.430072,2300.109987,
399.2,300.430072,2306.66419,
400.2,300.430072,2303.909875,
401.2,300.430072,2305.118347,
402.2,300.430072,2302.29005,
403.2,300.430072,2308.345274,
404.2,300.430072,2313.756653,
405.2,300.430072,2303.788798,
406.2,300.430072,2303.987446,
407.2,300.430072,2303.273485,
408.2,300.430072,2305.419892,
409.2,300.430072,2305.465908,
410.2,300.430072,2310.181126,
411.2,300.430072,2311.647339,
412.2,300.430072,2297.603788,
413.2,300.430072,2301.039962,
414.2,300.430072,2304.227202,
415.2,300.430072,2312.025146,
416.2,300.430072,2300.898012,
417.2,300.430072,2303.300073,
418.2,300.430072,2305.925278,
419.2,300.430072,2308.239002,
420.2,300.430072,2307.660769,
421.2,300.430072,2298.793963,
422.2,300.430072,2302.537625,
423.2,300.430072,2297.372856,
424.2,300.430072,2310.125355,
425.2,300.430072,2300.649859,
426.2,300.430072,2291.306945,
427.2,300.430072,2302.107547,
428.2,300.430072,2307.204047,
429.2,300.430072,2297.312881,
430.2,300.430072,2303.400314,
431.2,300.430072,2303.366525,
432.2,300.430072,2301.173771,
433.2,300.430072,2304.154211,
434.2,300.430072,2300.924909,
435.2,300.430072,2286.138462,
436.2,300.430072,2299.713864,
437.2,300.430072,2297.309511,
438.2,300.430072,2298.362609,
439.2,300.430072,2301.090807,
440.2,300.430072,2304.109279,
441.2,300.430072,2299.671843,
442.2,300.430072,2302.368197,
443.2,300.430072,2296.367512,
444.2,300.430072,2292.631303,
445.2,300.430072,2306.399429,
446.2,300.430072,2317.510048,
447.2,300.430072,2317.910487,
448.2,300.430072,2327.255097,
449.2,300.430072,2315.411961,
450.2,300.430072,2316.409918,
451.2,300.430072,2310.621175,
452.2,300.430072,2311.892382,
453.2,300.430072,2321.355791,
454.2,300.430072,2327.804697,
455.2,300.430072,2318.049768,
456.2,300.430072,2318.179172,
457.2,300.430072,2309.490361,
458.2,300.430072,2325.23849,
459.2,300.430072,2325.454484,
460.2,300.430072,2316.315442,
461.2,300.430072,2324.926068,
462.2,300.430072,2316.601431,
463.2,300.430072,2331.915865,
464.2,300.430072,2320.120612,
465.2,300.430072,2325.061374,
466.2,300.430072,2316.029815,
467.2,300.430072,2314.029655,
468.2,300.430072,2314.58229,
469.2,300.430072,2298.026965,
470.2,300.430072,2303.957916,
471.2,300.430072,2299.403619,
472.2,300.430072,2303.294197,
473.2,300.430072,2297.114537,
474.2,300.430072,2288.666065,
475.2,300.430072,2304.671746,
476.2,300.430072,2308.414613,
477.2,300.430072,2303.98279,
478.2,300.430072,2298.646772,
479.2,300.430072,2305.843052,
480.2,300.430072,2311.140133,
481.2,300.430072,2305.960474,
482.2,300.430072,2306.195152,
483.2,300.430072,2309.377886,
484.2,300.430072,2315.357873,
485.2,300.430072,2314.014317,
486.2,300.430072,2322.130818,
487.2,300.430072,2307.707238,
488.2,300.430072,2304.03947,
489.2,300.430072,2302.895432,
490.2,300.430072,2298.140342,
491.2,300.430072,2305.273271,
492.2,300.430072,2298.202866,
493.2,300.430072,2290.923594,
494.2,300.430072,2298.879592,
495.2,300.430072,2296.087282,
496.2,300.430072,2303.410418,
497.2,300.430072,2300.557539,
498.2,300.430072,2313.412375,
499.2,300.430072,2306.003827,
500.2,300.430072,2304.245567,
501.2,300.430072,2313.037484,
502.2,300.430072,2309.0408,
503.2,300.430072,2321.625223,
504.2,300.430072,2320.34451,
505.2,300.430072,2320.593875,
506.2,300.430072,2323.470546,
507.2,300.430072,2322.289356,
508.2,300.430072,2326.752254,
509.2,300.430072,2321.309756,
510.2,300.430072,2321.559375,
511.2,300.430072,2310.514631,
512.2,300.430072,2317.201676,
513.2,300.430072,2321.879911,
514.2,300.430072,2308.527729,
515.2,300.430072,2315.86753,
516.2,300.430072,2319.705498,
517.2,300.430072,2325.694012,
518.2,300.430072,2321.536276,
519.2,300.430072,2316.974594,
520.2,300.430072,2317.11948,
521.2,300.430072,2302.956194,
522.2,300.430072,2309.832061,
523.2,300.430072,2312.998933,
524.2,300.430072,2320.423395,
525.2,300.430072,2310.302586,
526.2,300.430072,2321.465662,
527.2,300.430072,2318.686896,
528.2,300.430072,2314.984988,
529.2,300.430072,2326.799008,
530.2,300.430072,2319.0418,
531.2,300.430072,2319.702176,
532.2,300.430072,2310.460677,
533.2,300.430072,2323.781247,
534.2,300.430072,2327.945713,
535.2,300.430072,2314.377769,
536.2,300.430072,2318.115756,
537.2,300.430072,2302.050979,
538.2,300.430072,2319.861982,
539.2,300.430072,2317.715777,
540.2,300.430072,2301.167438,
541.2,300.430072,2321.085122,
542.2,300.430072,2324.840784,
543.2,300.430072,2322.261122,
544.2,300.430072,2316.740503,
545.2,300.430072,2327.552523,
546.2,300.430072,2329.843361,
547.2,300.430072,2317.964898,
548.2,300.430072,2326.63823,
549.2,300.430072,2321.006745,
550.2,300.430072,2326.501767,
551.2,300.430072,2310.62809,
552.2,300.430072,2323.814914,
553.2,300.430072,2320.770674,
554.2,300.430072,2331.938633,
555.2,300.430072,2338.06642,
556.2,300.430072,2337.069286,
557.2,300.430072,2346.562156,
558.2,300.430072,2335.833543,
559.2,300.430072,2344.934022,
560.2,300.430072,2333.647619,
561.2,300.430072,2327.212092,
562.2,300.430072,2329.625874,
563.2,300.430072,2333.569493,
564.2,300.430072,2334.726395,
565.2,300.430072,2329.237192,
566.2,300.430072,2337.53704,
567.2,300.430072,2332.130647,
568.2,300.430072,2350.532846,
569.2,300.430072,2331.836259,
570.2,300.430072,2347.664764,
571.2,300.430072,2334.388025,
572.2,300.430072,2341.902941,
573.2,300.430072,2329.71992,
574.2,300.430072,2336.377488,
575.2,300.430072,2334.218586,
576.2,300.430072,2326.129088,
577.2,300.430072,2334.596062,
578.2,300.430072,2328.702614,
579.2,300.430072,2326.343881,
580.2,300.430072,2327.402955,
581.2,300.430072,2336.675221,
582.2,300.430072,2327.16521,
583.2,300.430072,2341.706523,
584.2,300.430072,2321.893242,
585.2,300.430072,2349.943882,
586.2,300.430072,2334.630444,
587.2,300.430072,2336.427006,
588.2,300.430072,2328.944047,
589.2,300.430072,2329.788808,
590.2,300.430072,2334.897727,
591.2,300.430072,2321.417227,
592.2,300.430072,2333.906104,
593.2,300.430072,2327.621393,
594.2,300.430072,2329.410428,
595.2,300.430072,2328.882966,
596.2,300.430072,2332.977796,
597.2,300.430072,2321.201816,
598.2,300.430072,2333.553351,
599.2,300.430072,2321.993665,
600.2,300.430072,2345.383673,
601.2,300.430072,2330.123255,
602.2,300.430072,2331.986502,
603.2,300.430072,2315.455951,
604.2,300.430072,2338.325914,
605.2,300.430072,2326.345885,
606.2,300.430072,2331.166434,
607.2,300.430072,2315.1906,
608.2,300.430072,2333.622994,
609.2,300.430072,2317.48282,
610.2,300.430072,2330.308883,
611.2,300.430072,2319.4823,
612.2,300.430072,2329.269717,
613.2,300.430072,2328.836381,
614.2,300.430072,2329.885703,
615.2,300.430072,2317.390775,
616.2,300.430072,2323.707089,
617.2,300.430072,2327.402903,
618.2,300.430072,2323.943231,
619.2,300.430072,2330.030692,
620.2,300.430072,2327.349185,
621.2,300.430072,2329.758572,
622.2,300.430072,2325.387943,
623.2,300.430072,2328.388789,
624.2,300.430072,2319.34244,
625.2,300.430072,2312.103376,
626.2,300.430072,2316.543429,
627.2,300.430072,2328.762076,
628.2,300.430072,2317.242791,
629.2,300.430072,2323.895114,
630.2,300.430072,2315.256819,
631.2,300.430072,2326.750381,
632.2,300.430072,2326.126537,
633.2,300.430072,2331.462679,
634.2,300.430072,2322.379932,
635.2,300.430072,2342.279443,
636.2,300.430072,2327.425745,
637.2,300.430072,2338.219919,
638.2,300.430072,2328.376971,
639.2,300.430072,2328.125166,
640.2,300.430072,2315.55971,
641.2,300.430072,2328.942015,
642.2,300.430072,2321.750105,
643.2,300.430072,2327.793799,
644.2,300.430072,2315.20369,
645.2,300.430072,2331.661744,
646.2,300.430072,2330.825067,
647.2,300.430072,2325.172118,
648.2,300.430072,2320.562064,
649.2,300.430072,2331.30603,
650.2,300.430072,2322.215894,
651.2,300.430072,2334.569247,
652.2,300.430072,2331.775686,
653.2,300.430072,2330.70663,
654.2,300.430072,2326.657824,
655.2,300.430072,2330.466479,
656.2,300.430072,2329.925275,
657.2,300.430072,2329.649422,
658.2,300.430072,2332.912368,
659.2,300.430072,2323.484802,
660.2,300.430072,2328.926482,
661.2,300.430072,2327.628895,
662.2,300.430072,2333.605566,
663.2,300.430072,2325.391978,
664.2,300.430072,2331.268323,
665.2,300.430072,2321.701558,
666.2,300.430072,2337.835788,
667.2,300.430072,2321.186127,
668.2,300.430072,2330.885532,
669.2,300.430072,2310.093243,
670.2,300.430072,2313.04998,
671.2,300.430072,2310.883526,
672.2,300.430072,2327.11721,
673.2,300.430072,2316.5513,
674.2,300.430072,2324.083165,
675.2,300.430072,2312.469721,
676.2,300.430072,2318.498884,
677.2,300.430072,2310.235007,
678.2,300.430072,2316.789449,
679.2,300.430072,2304.909105,
680.2,300.430072,2311.972375,
681.2,300.430072,2316.632111,
682.2,300.430072,2319.539713,
683.2,300.430072,2312.372169,
684.2,300.430072,2311.283041,
685.2,300.430072,2317.431017,
686.2,300.430072,2315.626736,
687.2,300.430072,2308.370316,
688.2,300.430072,2301.954614,
689.2,300.430072,2299.049701,
690.2,300.430072,2304.381626,
691.2,300.430072,2307.077395,
692.2,300.430072,2307.99142,
693.2,300.430072,2316.44314,
694.2,300.430072,2311.831804,
695.2,300.430072,2318.962804,
696.2,300.430072,2314.706062,
697.2,300.430072,2321.293488,
698.2,300.430072,2319.4814,
699.2,300.430072,2317.297487,
700.2,300.430072,2319.082537,
701.2,300.430072,2321.799791,
702.2,300.430072,2316.271106,
703.2,300.430072,2310.244333,
704.2,300.430072,2315.000695,
705.2,300.430072,2306.411588,
706.2,300.430072,2313.447234,
707.2,300.430072,2304.575646,
708.2,300.430072,2313.625628,
709.2,300.430072,2316.522472,
710.2,300.430072,2321.139509,
711.2,300.430072,2335.932776,
712.2,300.430072,2320.400052,
713.2,300.430072,2337.545097,
714.2,300.430072,2328.290801,
715.2,300.430072,2322.160561,
716.2,300.430072,2334.263775,
717.2,300.430072,2322.799838,
718.2,300.430072,2327.631862,
719.2,300.430072,2318.40735,
720.2,300.430072,2319.715059,
721.2,300.430072,2330.258859,
722.2,300.430072,2326.114492,
723.2,300.430072,2324.318878,
724.2,300.430072,2322.919953,
725.2,300.430072,2322.136469,
726.2,300.430072,2339.179343,
727.2,300.430072,2329.203175,
728.2,300.430072,2336.69159,
729.2,300.430072,2320.046695,
730.2,300.430072,2337.505753,
731.2,300.430072,2335.276206,
732.2,300.430072,2331.404122,
733.2,300.430072,2329.814824,
734.2,300.430072,2327.135309,
735.2,300.430072,2331.604773,
736.2,300.430072,2323.529882,
737.2,300.430072,2337.884339,
738.2,300.430072,2331.477697,
739.2,300.430072,2330.235821,
740.2,300.430072,2339.768882,
741.2,300.430072,2330.364268,
742.2,300.430072,2337.470622,
743.2,300.430072,2321.987712,
744.2,300.430072,2332.841037,
745.2,300.430072,2334.026441,
746.2,300.430072,2335.314964,
747.2,300.430072,2342.800211,
748.2,300.430072,2328.333914,
749.2,300.430072,2339.96511,
750.2,300.430072,2346.346308,
751.2,300.430072,2333.07244,
752.2,300.430072,2336.261763,
753.2,300.430072,2333.249415,
754.2,300.430072,2347.49595,
755.2,300.430072,2343.704921,
756.2,300.430072,2341.742403,
757.2,300.430072,2342.216914,
758.2,300.430072,2340.967408,
759.2,300.430072,2349.983493,
760.2,300.430072,2346.306692,
761.2,300.430072,2346.234832,
762.2,300.430072,2344.227411,
763.2,300.430072,2332.40369,
764.2,300.430072,2330.151055,
765.2,300.430072,2339.912582,
766.2,300.430072,2331.88948,
767.2,300.430072,2320.981002,
768.2,300.430072,2338.97824,
769.2,300.430072,2341.076741,
770.2,300.430072,2339.961024,
771.2,300.430072,2353.195028,
772.2,300.430072,2338.920461,
773.2,300.430072,2344.606958,
774.2,300.430072,2349.306684,
775.2,300.430072,2346.933863,
776.2,300.430072,2342.585363,
777.2,300.430072,2356.673373,
778.2,300.430072,2339.477596,
779.2,300.430072,2344.128288,
780.2,300.430072,2353.593257,
781.2,300.430072,2365.322149,
782.2,300.430072,2343.11049,
783.2,300.430072,2342.048659,
784.2,300.430072,2349.010101,
785.2,300.430072,2343.482133,
786.2,300.430072,2344.423013,
787.2,300.430072,2340.10806,
788.2,300.430072,2351.275858,
789.2,300.430072,2348.917729,
790.2,300.430072,2337.779144,
791.2,300.430072,2345.910516,
792.2,300.430072,2347.779076,
793.2,300.430072,2341.883125,
794.2,300.430072,2344.954026,
795.2,300.430072,2339.726783,
796.2,300.430072,2348.985279,
797.2,300.430072,2342.887498,
798.2,300.430072,2343.895673,
799.2,300.430072,2343.672832,
800.2,300.430072,2349.414448,
801.2,300.430072,2336.979699,
802.2,300.430072,2345.958266,
803.2,300.430072,2353.031441,
804.2,300.430072,2355.42414,
805.2,300.430072,2343.751362,
806.2,300.430072,2350.7932,
807.2,300.430072,2363.022749,
808.2,300.430072,2351.536138,
809.2,300.430072,2344.330671,
810.2,300.430072,2347.990468,
811.2,300.430072,2337.757939,
812.2,300.430072,2335.160109,
813.2,300.430072,2337.083386,
814.2,300.430072,2334.639576,
815.2,300.430072,2328.052667,
816.2,300.430072,2333.576684,
817.2,300.430072,2334.852776,
818.2,300.430072,2315.176151,
819.2,300.430072,2322.288805,
820.2,300.430072,2320.937699,
821.2,300.430072,2321.033298,
822.2,300.430072,2334.638074,
823.2,300.430072,2329.194789,
824.2,300.430072,2330.076028,
825.2,300.430072,2321.043777,
826.2,300.430072,2319.576615,
827.2,300.430072,2317.979516,
828.2,300.430072,2332.812657,
829.2,300.430072,2334.410608,
830.2,300.430072,2332.8663,
831.2,300.430072,2331.552806,
832.2,300.430072,2325.87451,
833.2,300.430072,2318.667038,
834.2,300.430072,2324.528657,
835.2,300.430072,2322.969768,
836.2,300.430072,2325.120166,
837.2,300.430072,2336.909827,
838.2,300.430072,2326.767057,
839.2,300.430072,2327.796596,
840.2,300.430072,2349.577756,
841.2,300.430072,2329.720975,
842.2,300.430072,2340.689205,
843.2,300.430072,2333.795504,
844.2,300.430072,2338.800321,
845.2,300.430072,2345.177233,
846.2,300.430072,2327.591246,
847.2,300.430072,2325.266898,
848.2,300.430072,2334.891811,
849.2,300.430072,2323.331777,
850.2,300.430072,2321.711269,
851.2,300.430072,2335.519634,
852.2,300.430072,2325.330832,
853.2,300.430072,2335.950223,
854.2,300.430072,2339.943456,
855.2,300.430072,2331.152775,
856.2,300.430072,2333.705582,
857.2,300.430072,2337.731613,
858.2,300.430072,2343.625393,
859.2,300.430072,2347.861337,
860.2,300.430072,2337.154362,
861.2,300.430072,2336.313307,
862.2,300.430072,2340.436079,
863.2,300.430072,2340.472932,
864.2,300.430072,2330.091178,
865.2,300.430072,2337.777653,
866.2,300.430072,2348.571783,
867.2,300.430072,2342.845986,
868.2,300.430072,2345.602811,
869.2,300.430072,2344.38148,
870.2,300.430072,2344.110203,
871.2,300.430072,2344.881082,
872.2,300.430072,2345.329904,
873.2,300.430072,2342.207587,
874.2,300.430072,2334.489298,
875.2,300.430072,2351.615672,
876.2,300.430072,2346.702103,
877.2,300.430072,2336.666437,
878.2,300.430072,2342.052542,
879.2,300.430072,2357.070549,
880.2,300.430072,2353.734464,
881.2,300.430072,2343.097582,
882.2,300.430072,2357.649513,
883.2,300.430072,2355.466821,
884.2,300.430072,2342.775078,
885.2,300.430072,2366.25651,
886.2,300.430072,2356.949533,
887.2,300.430072,2346.553743,
888.2,300.430072,2354.131244,
889.2,300.430072,2352.105619,
890.2,300.430072,2335.812295,
891.2,300.430072,2352.408398,
892.2,300.430072,2341.862448,
893.2,300.430072,2337.227804,
894.2,300.430072,2342.490211,
895.2,300.430072,2342.068466,
896.2,300.430072,2329.170534,
897.2,300.430072,2333.482179,
898.2,300.430072,2333.09878,
899.2,300.430072,2337.055658,
900.2,300.430072,2340.189432,
901.2,300.430072,2339.110829,
902.2,300.430072,2350.045474,
903.2,300.430072,2328.65417,
904.2,300.430072,2337.474125,
905.2,300.430072,2339.668521,
906.2,300.430072,2321.850045,
907.2,300.430072,2336.456777,
908.2,300.430072,2330.003341,
909.2,300.430072,2340.465934,
910.2,300.430072,2347.652498,
911.2,300.430072,2330.08402,
912.2,300.430072,2340.813683,
913.2,300.430072,2341.49006,
914.2,300.430072,2330.736443,
915.2,300.430072,2344.222187,
916.2,300.430072,2329.562909,
917.2,300.430072,2334.6212,
918.2,300.430072,2339.255307,
919.2,300.430072,2330.352535,
920.2,300.430072,2345.70439,
921.2,300.430072,2328.288608,
922.2,300.430072,2313.595429,
923.2,300.430072,2337.832442,
924.2,300.430072,2334.28322,
925.2,300.430072,2337.396897,
926.2,300.430072,2344.606013,
927.2,300.430072,2331.632536,
928.2,300.430072,2343.655942,
929.2,300.430072,2351.224807,
930.2,300.430072,2340.579166,
931.2,300.430072,2326.581133,
932.2,300.430072,2340.208516,
933.2,300.430072,2331.014589,
934.2,300.430072,2332.499272,
935.2,300.430072,2351.844895,
936.2,300.430072,2345.738426,
937.2,300.430072,2345.319696,
938.2,300.430072,2346.528368,
939.2,300.430072,2358.434649,
940.2,300.430072,2348.443441,
941.2,300.430072,2348.656872,
942.2,300.430072,2362.318714,
943.2,300.430072,2351.073391,
944.2,300.430072,2340.61636,
945.2,300.430072,2346.385901,
946.2,300.430072,2337.968116,
947.2,300.430072,2346.666067,
948.2,300.430072,2362.001766,
949.2,300.430072,2361.239226,
950.2,300.430072,2334.727612,
951.2,300.430072,2346.999775,
952.2,300.430072,2350.398176,
953.2,300.430072,2357.969249,
954.2,300.430072,2359.098588,
955.2,300.430072,2337.450362,
956.2,300.430072,2353.812562,
957.2,300.430072,2352.145272,
958.2,300.430072,2347.179593,
959.2,300.430072,2363.456875,
960.2,300.430072,2346.222091,
961.2,300.430072,2342.000404,
962.2,300.430072,2363.031619,
963.2,300.430072,2342.475198,
964.2,300.430072,2347.15758,
965.2,300.430072,2350.70612,
966.2,300.430072,2335.130989,
967.2,300.430072,2349.374998,
968.2,300.430072,2353.140331,
969.2,300.430072,2337.380531,
970.2,300.430072,2351.726585,
971.2,300.430072,2335.567377,
972.2,300.430072,2338.465701,
973.2,300.430072,2346.431201,
974.2,300.430072,2343.048876,
975.2,300.430072,2340.849396,
976.2,300.430072,2332.239862,
977.2,300.430072,2332.510778,
978.2,300.430072,2348.811788,
979.2,300.430072,2347.215661,
980.2,300.430072,2350.820366,
981.2,300.430072,2340.409295,
982.2,300.430072,2343.974384,
983.2,300.430072,2332.2257,
984.2,300.430072,2329.785079,
985.2,300.430072,2340.973508,
986.2,300.430072,2350.038654,
987.2,300.430072,2362.571019,
988.2,300.430072,2322.214327,
989.2,300.430072,2328.861279,
990.2,300.430072,2329.114712,
991.2,300.430072,2344.7969,
992.2,300.430072,2350.159779,
993.2,300.430072,2317.615756,
994.2,300.430072,2332.149999,
995.2,300.430072,2320.9085,
996.2,300.430072,2323.655122,
997.2,300.430072,2331.436103,
998.2,300.430072,2342.688072,
999.2,300.430072,2341.466146,
1000.2,300.430072,2329.169276,
1001.2,300.303929,2350.809048,
1001.4,299.433654,2346.339551,
1001.6,298.420822,2353.429846,
1001.8,297.421323,2340.573388,
1002,296.421236,2332.702971,
1002.2,295.420811,2322.100297,
1002.4,294.416274,2327.764596,
1002.6,293.417185,2335.036119,
1002.8,292.417941,2333.964157,
1003,291.415989,2335.296428,
1003.2,290.417258,2347.614064,
1003.4,289.419408,2330.659653,
1003.6,288.417659,2323.183095,
1003.8,287.417072,2309.765733,
1004,286.416474,2305.184682,
1004.2,285.416383,2298.130814,
1004.4,284.418504,2318.037693,
1004.6,283.41646,2310.175575,
1004.8,282.416284,2327.986565,
1005,281.417494,2327.174284,
1005.2,280.418147,2289.956333,
1005.4,279.416083,2279.36925,
1005.6,278.416795,2282.65243,
1005.8,277.416013,2285.682355,
1006,276.416166,2286.393138,
1006.2,275.417512,2287.990916,
1006.4,274.416177,2283.244738,
1006.6,273.416348,2292.525587,
1006.8,272.417961,2270.672674,
1007,271.418489,2250.786071,
1007.2,270.417649,2283.115219,
1007.4,269.417224,2265.734018,
1007.6,268.416134,2291.649465,
1007.8,267.417099,2284.57773,
1008,266.418483,2281.761156,
1008.2,265.418092,2264.037625,
1008.4,264.417472,2248.325781,
1008.6,263.418435,2258.236351,
1008.8,262.419057,2274.063273,
1009,261.416234,2262.919611,
1009.2,260.416743,2261.411893,
1009.4,259.417196,2259.850256,
1009.6,258.41956,2260.145799,
1009.8,257.416528,2254.833062,
1010,256.41756,2243.260178,
1010.2,255.415382,2255.370941,
1010.4,254.411794,2257.043583,
1010.6,253.41231,2251.010986,
1010.8,252.411258,2258.539196,
1011,251.41236,2253.243656,
1011.2,250.412055,2242.329625,
1011.4,249.412496,2230.059459,
1011.6,248.413622,2226.108899,
1011.8,247.413485,2225.962799,
1012,246.413076,2209.453693,
1012.2,245.411468,2223.690332,
1012.4,244.411483,2217.999369,
1012.6,243.411493,2208.67161,
1012.8,242.413254,2228.521909,
1013,241.415661,2224.633564,
1013.2,240.412076,2224.671428,
1013.4,239.411233,2228.043937,
1013.6,238.411365,2210.775223,
1013.8,237.412832,2210.619859,
1014,236.412884,2211.382193,
1014.2,235.412039,2209.308076,
1014.4,234.414704,2213.190316,
1014.6,233.412716,2210.596892,
1014.8,232.412294,2219.534829,
1015,231.410886,2203.163807,
1015.2,230.411325,2190.106604,
1015.4,229.412451,2179.063539,
1015.6,228.411292,2192.50063,
1015.8,227.413165,2190.577064,
1016,226.413395,2190.49957,
1016.2,225.413953,2186.86063,
1016.4,224.414402,2192.5709,
1016.6,223.411328,2192.080004,
1016.8,222.407771,2169.484432,
1017,221.406571,2177.531206,
1017.2,220.406384,2178.579074,
1017.4,219.406023,2175.31125,
1017.6,218.407211,2187.738893,
1017.8,217.408647,2182.516371,
1018,216.40677,2188.029203,
1018.2,215.409787,2160.316394,
1018.4,214.410079,2183.036701,
1018.6,213.407773,2170.664858,
1018.8,212.407723,2148.411654,
1019,211.408328,2153.646329,
1019.2,210.408075,2162.590384,
1019.4,209.408254,2161.788632,
1019.6,208.406813,2158.375449,
1019.8,207.406277,2160.785894,
1020,206.4075,2163.038959,
1020.2,205.407632,2152.94608,
1020.4,204.406696,2124.838617,
1020.6,203.408426,2115.349178,
1020.8,202.406541,2133.591389,
1021,201.409296,2145.716541,
1021.2,200.407054,2126.466009,
1021.4,199.40652,2137.614759,
1021.6,198.40632,2139.12901,
1021.8,197.406205,2124.388562,
1022,196.407595,2101.834452,
1022.2,195.406636,2110.12998,
1022.4,194.408827,2124.447535,
1022.6,193.409222,2113.894344,
1022.8,192.410612,2113.965192,
1023,191.406931,2115.719678,
1023.2,190.407819,2100.132678,
1023.4,189.406469,2082.004384,
1023.6,188.406286,2085.857058,
1023.8,187.406471,2087.506391,
1024,186.406628,2093.422825,
1024.2,185.406282,2092.765167,
1024.4,184.409147,2097.689673,
1024.6,183.410051,2094.833144,
1024.8,182.406233,2086.358403,
1025,181.406049,2067.535462,
1025.2,180.407564,2080.082002,
1025.4,179.411048,2074.153508,
1025.6,178.407816,2079.767352,
1025.8,177.406181,2075.050567,
1026,176.406079,2063.522929,
1026.2,175.40619,2038.848793,
1026.4,174.407766,2022.483012,
1026.6,173.407644,2039.731086,
1026.8,172.406364,2054.291165,
1027,171.407098,2055.338168,
1027.2,170.407588,2065.609037,
1027.4,169.405965,2049.963905,
1027.6,168.407858,2046.14395,
1027.8,167.408758,2031.171238,
1028,166.408598,2029.399144,
1028.2,165.407629,2042.825291,
1028.4,164.406611,2032.680994,
1028.6,163.409378,2051.462115,
1028.8,162.408708,2046.731402,
1029,161.407975,2030.254402,
1029.2,160.406705,2028.061348,
1029.4,159.404936,2028.985286,
1029.6,158.401137,2027.337313,
1029.8,157.40476,2040.278775,
1030,156.401564,2036.130711,
1030.2,155.402401,2045.567657,
1030.4,154.401348,2001.487678,
1030.6,153.401417,1981.123523,
1030.8,152.400979,1987.940952,
1031,151.404788,1997.6786,
1031.2,150.401867,2015.23112,
1031.4,149.401274,2027.663935,
1031.6,148.401415,2021.771024,
1031.8,147.39917,2006.05356,
1032,146.398185,1985.017372,
1032.2,145.396852,1993.754954,
1032.4,144.396017,1989.091676,
1032.6,143.394877,1990.049575,
1032.8,142.393219,1981.975581,
1033,141.39411,1989.321201,
1033.2,140.392021,1962.352384,
1033.4,139.39243,1954.938686,
1033.6,138.391489,1974.582557,
1033.8,137.39085,1975.144408,
1034,136.392277,1961.161175,
1034.2,135.392444,1968.754679,
1034.4,134.391643,1975.281119,
1034.6,133.391979,1969.055933,
1034.8,132.391792,1956.203075,
1035,131.391885,1969.126252,
1035.2,130.388963,1958.733568,
1035.4,129.388535,1951.261208,
1035.6,128.390096,1965.520783,
1035.8,127.387947,1945.480809,
1036,126.381754,1945.984681,
1036.2,125.384288,1943.52404,
1036.4,124.382984,1952.891043,
1036.6,123.381832,1950.115752,
1036.8,122.381624,1941.442693,
1037,121.382229,1933.024601,
1037.2,120.383795,1936.491584,
1037.4,119.383411,1925.466736,
1037.6,118.384127,1913.674193,
1037.8,117.382379,1938.40508,
1038,116.382657,1925.144088,
1038.2,115.382388,1922.628902,
1038.4,114.384647,1917.754936,
1038.6,113.382066,1912.926472,
1038.8,112.383861,1905.016087,
1039,111.381194,1908.153433,
1039.2,110.384553,1924.009079,
1039.4,109.383607,1911.952699,
1039.6,108.382069,1889.049072,
1039.8,107.380143,1885.692776,
1040,106.377401,1894.355108,
1040.2,105.378055,1898.125682,
1040.4,104.376217,1899.10755,
1040.6,103.373523,1908.569171,
1040.8,102.369818,1890.348921,
1041,101.370614,1897.00218,
1041.2,100.368023,1885.161848,
1041.4,99.366748,1870.043553,
1041.6,98.366305,1866.240629,
1041.8,97.366414,1878.472721,
1042,96.365962,1880.538204,
1042.2,95.367595,1880.930431,
1042.4,94.361909,1853.987221,
1042.6,93.363488,1868.029779,
1042.8,92.361382,1860.017284,
1043,91.363866,1864.986901,
1043.2,90.359943,1865.025443,
1043.4,89.356141,1853.068343,
1043.6,88.357777,1850.691835,
1043.8,87.355599,1859.457494,
1044,86.35487,1837.588597,
1044.2,85.353083,1823.681545,
1044.4,84.354841,1836.874894,
1044.6,83.350734,1843.77919,
1044.8,82.350351,1823.491076,
1045,81.347304,1838.63781,
1045.2,80.350198,1832.551261,
1045.4,79.346606,1834.157835,
1045.6,78.345803,1841.043038,
1045.8,77.347982,1828.734966,
1046,76.346258,1818.742072,
1046.2,75.411045,1841.258195,
1046.4,74.469376,1824.169286,
1046.6,73.470567,1822.201892,
1046.8,72.468301,1823.653573,
1047,71.467449,1813.891077,
1047.2,70.461197,1818.713849,
1047.4,69.462371,1821.021045,
1047.6,68.461944,1793.486776,
1047.8,67.463592,1787.716345,
1048,66.463668,1798.974515,
1048.2,65.463928,1785.501032,
1048.4,64.461631,1755.631104,
1048.6,63.460818,1792.803149,
1048.8,62.456445,1792.034062,
1049,61.457326,1776.864524,
1049.2,60.458058,1767.470268,
1049.4,59.45656,1763.542802,
1049.6,58.452172,1748.763908,
1049.8,57.451174,1745.470753,
1050,56.452961,1767.164192,
1050.2,55.453153,1781.445816,
1050.4,54.450178,1758.461283,
1050.6,53.446309,1752.124426,
1050.8,52.447808,1743.423799,
1051,51.449913,1747.919468,
1051.2,50.447141,1743.105549,
1051.4,49.446254,1731.654132,
1051.6,48.446525,1736.791003,
1051.8,47.448142,1739.647033,
1052,46.443457,1732.461015,
1052.2,45.441273,1723.907534,
1052.4,44.441217,1718.477979,
1052.6,43.440887,1736.837353,
1052.8,42.442248,1729.806898,
1053,41.443208,1728.620966,
1053.2,40.441164,1709.266852,
1053.4,39.441427,1685.366644,
1053.6,38.43692,1692.052196,
1053.8,37.436128,1687.449653,
1054,36.438224,1686.605867,
1054.2,35.436586,1692.388646,
1054.4,34.432147,1698.872123,
1054.6,33.432591,1687.98694,
1054.8,32.432146,1673.353622,
1055,31.43219,1660.671334,
1055.2,30.427769,1662.291891,
1055.4,29.427815,1642.233546,
1055.6,28.427566,1670.485188,
1055.8,27.426694,1660.229766,
1056,26.421251,1652.494044,
1056.2,25.421697,1666.548304,
1056.4,24.420939,1669.302114,
1056.6,23.421685,1644.488068,
1056.8,22.423202,1646.461335,
1057,21.421829,1658.935005,
1057.2,20.422625,1635.126141,
1057.4,19.421495,1621.075676,
1057.6,18.420053,1627.464302,
1057.8,17.416076,1621.518096,
1058,16.418599,1615.101296,
1058.2,15.418479,1623.559633,
1058.4,14.41143,1605.19243,
1058.6,13.413003,1602.203034,
1058.8,12.408209,1599.496723,
1059,11.40535,1596.752589,
1059.2,10.401228,1617.777377,
1059.4,9.401535,1605.340267,
1059.6,8.40439,1584.523386,
1059.8,7.401377,1578.46057,
1060,6.396162,1588.816294,
1060.2,5.395771,1579.45705,
1060.4,4.398367,1576.405446,
1060.6,3.399346,1552.579838,
1060.8,2.391248,1547.52807,
1061,1.376363,1557.459848,
1061.2,0.37322,1544.86545,
