Time (s),Indentation force (mN),Displacement (nm)
0,0,0
0.2,0.033882,36.05875152
0.4,0.054073,125.8792565
0.6,0.074074,170.4629227
0.8,0.094074,165.4653962
1,0.114074,169.146477
1.2,0.134073,176.5906427
1.4,0.154072,171.9785124
1.6,0.174074,178.3066282
1.8,0.194074,182.6971922
2,0.214074,166.9464661
2.2,0.234073,178.7197143
2.4,0.254073,181.6359911
2.6,0.274074,171.8503844
2.8,0.294073,174.0079755
3,0.314072,172.8677297
3.2,0.334074,182.9410062
3.4,0.354075,176.466168
3.6,0.374075,174.1148398
3.8,0.394073,188.0681475
4,0.414075,177.5841413
4.2,0.434075,179.1061018
4.4,0.454075,185.5183752
4.6,0.474074,183.1257187
4.8,0.494074,186.1806195
5,0.514074,199.5403529
5.2,0.534075,196.1881594
5.4,0.554075,191.8087664
5.6,0.574073,185.9789504
5.8,0.594073,189.272118
6,0.614075,190.7547845
6.2,0.634075,184.2513938
6.4,0.654075,200.1721485
6.6,0.674074,187.431646
6.8,0.694074,198.6245349
7,0.714073,204.0246597
7.2,0.734073,198.5794447
7.4,0.754074,200.0766653
7.6,0.774074,207.3414899
7.8,0.794073,206.684198
8,0.814074,200.3897157
8.2,0.834072,190.1116679
8.4,0.854073,179.5452163
8.6,0.874073,179.7129557
8.8,0.894074,180.7484647
9,0.914074,198.0140583
9.2,0.929123,193.9136515
9.4,0.930596,236.2732703
9.6,1.444211,231.4060358
9.8,2.462141,224.1090586
10,3.462743,240.2353976
10.2,4.460861,276.8631298
10.4,5.459991,287.1496535
10.6,6.460457,318.0006414
10.8,7.462571,325.2251135
11,8.459535,349.9321176
11.2,9.459916,365.6139754
11.4,10.460799,409.6819804
11.6,11.462049,419.603326
11.8,12.462409,439.3507936
12,13.462598,463.685294
12.2,14.461448,465.6124205
12.4,15.461866,484.186214
12.6,16.46269,522.3438846
12.8,17.458278,532.2913519
13,18.459171,554.588462
13.2,19.462021,576.3449385
13.4,20.45834,573.9972857
13.6,21.457685,598.6162652
13.8,22.461526,615.7673018
14,23.460335,632.5436422
14.2,24.460863,635.2151546
14.4,25.457119,665.8556848
14.6,26.461781,677.8838567
14.8,27.462796,690.3557645
15,28.462457,704.5051515
15.2,29.462634,728.1007153
15.4,30.461975,728.5965845
15.6,31.460114,729.0719577
15.8,32.462751,764.8206751
16,33.463214,788.276476
16.2,34.460955,776.6177553
16.4,35.459408,809.7927927
16.6,36.460803,821.594124
16.8,37.459498,810.0457815
17,38.459401,832.9372813
17.2,39.460648,848.2653565
17.4,40.458759,870.2901269
17.6,41.46191,876.954788
17.8,42.459443,900.8281049
18,43.460852,916.4869887
18.2,44.46026,897.8120798
18.4,45.458512,920.1560715
18.6,46.460017,939.5457478
18.8,47.46121,918.4972037
19,48.462439,953.7772216
19.2,49.462495,966.8733312
19.4,50.458083,958.9632954
19.6,51.457709,961.8576643
19.8,52.460414,1005.47702
20,53.460109,999.9046938
20.2,54.459242,990.2246346
20.4,55.460776,1018.115383
20.6,56.461148,1034.301358
20.8,57.460702,1030.520586
21,58.461193,1053.053933
21.2,59.461403,1067.098198
21.4,60.459129,1060.554562
21.6,61.458329,1059.543228
21.8,62.461686,1041.777842
22,63.461393,1076.10112
22.2,64.462085,1100.907055
22.4,65.459918,1077.06448
22.6,66.459825,1104.657037
22.8,67.460877,1129.181247
23,68.458849,1119.956096
23.2,69.458126,1140.344271
23.4,70.461096,1139.596217
23.6,71.458843,1143.230435
23.8,72.460475,1129.630736
24,73.457331,1152.470605
24.2,74.461841,1155.288686
24.4,75.463026,1144.856055
24.6,76.462379,1187.619228
24.8,77.46197,1186.082206
25,78.461868,1170.3565
25.2,79.459551,1201.151268
25.4,80.459325,1209.000247
25.6,81.462491,1204.368651
25.8,82.460048,1184.547055
26,83.460108,1227.378491
26.2,84.457527,1235.125392
26.4,85.461839,1215.615547
26.6,86.462544,1225.83765
26.8,87.460461,1257.481766
27,88.459303,1258.388026
27.2,89.45927,1264.154831
27.4,90.460757,1285.817112
27.6,91.461672,1284.137124
27.8,92.458678,1272.302962
28,93.459651,1288.265812
28.2,94.463191,1310.387404
28.4,95.462091,1298.2342
28.6,96.462444,1319.024904
28.8,97.462075,1331.531036
29,98.460743,1337.378951
29.2,99.461556,1324.926005
29.4,100.462478,1351.293689
29.6,101.461792,1357.134174
29.8,102.461478,1330.656036
30,103.458173,1346.613153
30.2,104.459998,1380.228578
30.4,105.460817,1347.955107
30.6,106.460664,1362.500047
30.8,107.460824,1395.405886
31,108.461359,1408.424904
31.2,109.462989,1376.627252
31.4,110.463205,1404.92515
31.6,111.461939,1430.121553
31.8,112.462747,1411.577783
32,113.462103,1421.510642
32.2,114.459786,1457.311273
32.4,115.460701,1455.956366
32.6,116.459957,1423.493592
32.8,117.459214,1447.980412
33,118.460418,1463.317907
33.2,119.461518,1431.926473
33.4,120.459554,1449.805321
33.6,121.458761,1479.80605
33.8,122.458992,1473.575244
34,123.458403,1458.277456
34.2,124.461062,1496.866304
34.4,125.457563,1499.854326
34.6,126.460855,1494.133793
34.8,127.458469,1492.025238
35,128.46265,1524.381243
35.2,129.460669,1506.397792
35.4,130.462127,1500.524057
35.6,131.460523,1531.318599
35.8,132.459227,1545.446017
36,133.457317,1529.547717
36.2,134.458211,1559.544859
36.4,135.458994,1571.192798
36.6,136.457635,1555.074311
36.8,137.459529,1573.125917
37,138.460209,1593.075681
37.2,139.458847,1577.890226
37.4,140.462649,1565.622297
37.6,141.462083,1607.592439
37.8,142.461485,1601.352534
38,143.460546,1582.345639
38.2,144.462273,1615.39087
38.4,145.46207,1626.650328
38.6,146.46096,1616.83131
38.8,147.457426,1630.06222
39,148.461249,1644.02397
39.2,149.461775,1642.250041
39.4,150.45831,1626.608839
39.6,151.457004,1648.576349
39.8,152.460758,1664.592384
40,153.459928,1653.245798
40.2,154.460034,1663.573896
40.4,155.458472,1678.40395
40.6,156.459733,1667.725988
40.8,157.457209,1694.14605
41,158.461627,1679.507794
41.2,159.462048,1690.128941
41.4,160.461875,1712.241159
41.6,161.460135,1705.27681
41.8,162.461118,1697.078373
42,163.459652,1733.79797
42.2,164.459213,1745.865109
42.4,165.461991,1721.103669
42.6,166.461552,1732.206836
42.8,167.458576,1749.217732
43,168.460325,1746.346033
43.2,169.459768,1735.852813
43.4,170.457327,1757.304816
43.6,171.457728,1759.792275
43.8,172.461643,1733.302642
44,173.462131,1760.217105
44.2,174.458024,1787.234386
44.4,175.460864,1757.519231
44.6,176.461084,1771.570734
44.8,177.458073,1796.024777
45,178.459153,1793.163096
45.2,179.461199,1783.029657
45.4,180.462105,1804.097539
45.6,181.459722,1805.963382
45.8,182.461447,1789.288834
46,183.461808,1818.099368
46.2,184.458258,1834.530846
46.4,185.460483,1803.638745
46.6,186.461304,1819.085198
46.8,187.461639,1840.386184
47,188.462106,1832.976654
47.2,189.460784,1827.20703
47.4,190.457368,1858.323263
47.6,191.459516,1871.255163
47.8,192.45799,1837.304179
48,193.460983,1864.056842
48.2,194.461722,1881.632603
48.4,195.458421,1848.614784
48.6,196.462698,1868.287151
48.8,197.462666,1889.536373
49,198.462387,1876.703065
49.2,199.461247,1891.111801
49.4,200.458702,1912.34726
49.6,201.458853,1906.766055
49.8,202.459607,1892.886601
50,203.458623,1922.916838
50.2,204.459367,1912.727171
50.4,205.460004,1907.072111
50.6,206.460486,1934.789506
50.8,207.461984,1950.481414
51,208.461878,1922.965163
51.2,209.461512,1921.503554
51.4,210.460485,1939.395658
51.6,211.460809,1916.225965
51.8,212.45961,1937.075255
52,213.459995,1962.684171
52.2,214.458647,1957.43075
52.4,215.458475,1946.164824
52.6,216.460246,1973.473394
52.8,217.462063,1961.16933
53,218.462438,1954.55531
53.2,219.458332,1979.389305
53.4,220.458947,1992.182408
53.6,221.459702,1969.634781
53.8,222.459791,1990.02123
54,223.461,2004.472374
54.2,224.461803,1984.815301
54.4,225.458446,2002.931748
54.6,226.457958,2021.331013
54.8,227.461955,1991.074599
55,228.461331,2014.512609
55.2,229.459854,2024.005111
55.4,230.462162,2004.964566
55.6,231.461829,2018.321465
55.8,232.46106,2044.565648
56,233.457735,2023.129734
56.2,234.456755,2017.134163
56.4,235.461016,2049.452107
56.6,236.462085,2038.812816
56.8,237.460275,2040.641248
57,238.457171,2060.252734
57.2,239.461259,2056.210506
57.4,240.459462,2041.734761
57.6,241.459337,2062.614161
57.8,242.459973,2065.250773
58,243.462202,2047.698006
58.2,244.462024,2088.995234
58.4,245.461916,2092.651044
58.6,246.460892,2075.039658
58.8,247.456608,2092.666077
59,248.456374,2104.611216
59.2,249.456829,2077.316707
59.4,250.456751,2100.575289
59.6,251.459766,2130.798128
59.8,252.461728,2103.76825
60,253.460115,2124.499962
60.2,254.456571,2128.736007
60.4,255.45826,2112.134816
60.6,256.461614,2129.778654
60.8,257.457812,2151.046993
61,258.458936,2126.642306
61.2,259.460311,2142.303975
61.4,260.457238,2145.72012
61.6,261.459813,2116.476658
61.8,262.461949,2120.354993
62,263.462955,2160.87666
62.2,264.460865,2143.290905
62.4,265.461556,2158.731259
62.6,266.461766,2182.349726
62.8,267.458917,2179.291948
63,268.458489,2164.190526
63.2,269.458098,2185.378102
63.4,270.458134,2190.110814
63.6,271.460858,2176.645637
63.8,272.45714,2194.158997
64,273.45881,2193.805822
64.2,274.461678,2179.935569
64.4,275.458149,2207.839282
64.6,276.458573,2215.720178
64.8,277.459291,2201.471045
65,278.458692,2225.633043
65.2,279.460451,2231.371437
65.4,280.461169,2203.642545
65.6,281.457915,2231.925373
65.8,282.458732,2222.442511
66,283.459479,2246.66293
66.2,284.461578,2248.615238
66.4,285.457341,2236.295307
66.6,286.459259,2257.392605
66.8,287.459174,2257.227798
67,288.456614,2241.004541
67.2,289.460123,2257.50578
67.4,290.46115,2255.68524
67.6,291.460621,2228.357544
67.8,292.457718,2256.837987
68,293.457133,2278.99574
68.2,294.460406,2266.433728
68.4,295.461095,2285.181176
68.6,296.460892,2304.360073
68.8,297.4603,2283.985325
69,298.457794,2300.34709
69.2,299.46012,2298.397296
69.4,300.331528,2284.575137
69.6,300.344215,2290.929803
69.8,300.344215,2280.166287
70,300.344215,2293.010343
70.2,300.344215,2286.002157
70.4,300.344215,2291.024867
70.6,300.344215,2282.62306
70.8,300.344215,2289.323654
71,300.344215,2283.874084
71.2,300.344215,2287.550894
71.4,300.344215,2280.954312
71.6,300.344215,2282.451191
71.8,300.344215,2285.092894
72,300.344215,2295.831353
72.2,300.344215,2284.560846
72.4,300.344215,2289.878601
72.6,300.344215,2285.551654
72.8,300.344215,2296.921874
73,300.344215,2283.086742
73.2,300.344215,2281.217552
73.4,300.344215,2288.357732
73.6,300.344215,2305.378925
73.8,300.344215,2317.328438
74,300.344215,2318.212758
74.2,300.344215,2316.155105
74.4,300.344215,2285.412109
74.6,300.344215,2291.297842
74.8,300.344215,2295.143891
75,300.344215,2295.250236
75.2,300.344215,2306.489416
75.4,300.344215,2322.289772
75.6,300.344215,2308.24089
75.8,300.344215,2313.897181
76,300.344215,2303.322044
76.2,300.344215,2306.442759
76.4,300.344215,2311.468167
76.6,300.344215,2301.268479
76.8,300.344215,2300.409714
77,300.344215,2303.840775
77.2,300.344215,2307.076554
77.4,300.344215,2312.973307
77.6,300.344215,2306.390903
77.8,300.344215,2311.523094
78,300.344215,2311.128177
78.2,300.344215,2317.161273
78.4,300.344215,2324.390973
78.6,300.344215,2313.200315
78.8,300.344215,2324.237796
79,300.344215,2323.72958
79.2,300.344215,2329.279007
79.4,300.344215,2318.773975
79.6,300.344215,2324.425102
79.8,300.344215,2326.851222
80,300.344215,2327.741469
80.2,300.344215,2340.356365
80.4,300.344215,2336.397188
80.6,300.344215,2335.856901
80.8,300.344215,2334.965255
81,300.344215,2340.427345
81.2,300.344215,2339.99726
81.4,300.344215,2340.036943
81.6,300.344215,2335.623049
81.8,300.344215,2339.369347
82,300.344215,2326.53418
82.2,300.344215,2338.275179
82.4,300.344215,2337.578425
82.6,300.344215,2346.658999
82.8,300.344215,2347.205814
83,300.344215,2342.822088
83.2,300.344215,2344.585351
83.4,300.344215,2346.495589
83.6,300.344215,2343.705289
83.8,300.344215,2346.183607
84,300.344215,2344.59351
84.2,300.344215,2343.202257
84.4,300.344215,2344.252757
84.6,300.344215,2330.441637
84.8,300.344215,2352.663462
85,300.344215,2343.339899
85.2,300.344215,2341.298671
85.4,300.344215,2354.149747
85.6,300.344215,2351.979008
85.8,300.344215,2342.028147
86,300.344215,2341.844898
86.2,300.344215,2343.387979
86.4,300.344215,2340.813787
86.6,300.344215,2350.257779
86.8,300.344215,2351.490376
87,300.344215,2328.016408
87.2,300.344215,2335.959554
87.4,300.344215,2330.024576
87.6,300.344215,2344.151288
87.8,300.344215,2328.785989
88,300.344215,2338.019441
88.2,300.344215,2340.918503
88.4,300.344215,2341.639537
88.6,300.344215,2330.337506
88.8,300.344215,2334.219275
89,300.344215,2343.727202
89.2,300.344215,2346.231672
89.4,300.344215,2354.659131
89.6,300.344215,2357.633121
89.8,300.344215,2356.982227
90,300.344215,2351.760938
90.2,300.344215,2343.38621
90.4,300.344215,2340.870044
90.6,300.344215,2346.338952
90.8,300.344215,2345.047593
91,300.344215,2347.407943
91.2,300.344215,2351.747481
91.4,300.344215,2354.771001
91.6,300.344215,2351.775967
91.8,300.344215,2365.854439
92,300.344215,2356.410608
92.2,300.344215,2354.163057
92.4,300.344215,2358.432619
92.6,300.344215,2362.334691
92.8,300.344215,2353.783635
93,300.344215,2355.330107
93.2,300.344215,2363.257203
93.4,300.344215,2363.317878
93.6,300.344215,2365.512093
93.8,300.344215,2361.931583
94,300.344215,2360.476973
94.2,300.344215,2352.480418
94.4,300.344215,2358.346147
94.6,300.344215,2355.79159
94.8,300.344215,2350.004095
95,300.344215,2344.835909
95.2,300.344215,2349.683351
95.4,300.344215,2358.733601
95.6,300.344215,2355.248655
95.8,300.344215,2371.691764
96,300.344215,2359.625918
96.2,300.344215,2362.304379
96.4,300.344215,2365.51431
96.6,300.344215,2357.955334
96.8,300.344215,2361.110608
97,300.344215,2361.414402
97.2,300.344215,2352.416267
97.4,300.344215,2347.671321
97.6,300.344215,2354.466362
97.8,300.344215,2355.393618
98,300.344215,2339.289172
98.2,300.344215,2352.43564
98.4,300.344215,2351.363334
98.6,300.344215,2361.4145
98.8,300.344215,2354.41373
99,300.344215,2364.313844
99.2,300.344215,2366.910588
99.4,300.344215,2352.328345
99.6,300.344215,2365.672771
99.8,300.344215,2355.840988
100,300.344215,2359.943007
100.2,300.344215,2365.851885
100.4,300.344215,2366.399359
100.6,300.344215,2365.358583
100.8,300.344215,2365.801678
101,300.344215,2364.72658
101.2,300.344215,2358.800052
101.4,300.344215,2364.113462
101.6,300.344215,2361.626451
101.8,300.344215,2364.992888
102,300.344215,2367.261614
102.2,300.344215,2360.541514
102.4,300.344215,2351.651981
102.6,300.344215,2357.554332
102.8,300.344215,2349.859414
103,300.344215,2357.213123
103.2,300.344215,2343.150802
103.4,300.344215,2342.026415
103.6,300.344215,2347.605015
103.8,300.344215,2355.741359
104,300.344215,2347.31189
104.2,300.344215,2383.443195
104.4,300.344215,2388.091712
104.6,300.344215,2378.166918
104.8,300.344215,2348.53366
105,300.344215,2369.897441
105.2,300.344215,2376.9498
105.4,300.344215,2371.290161
105.6,300.344215,2382.413379
105.8,300.344215,2381.063642
106,300.344215,2371.32481
106.2,300.344215,2370.842791
106.4,300.344215,2376.586497
106.6,300.344215,2372.272706
106.8,300.344215,2372.200418
107,300.344215,2368.612707
107.2,300.344215,2361.541125
107.4,300.344215,2364.816285
107.6,300.344215,2364.958339
107.8,300.344215,2364.973199
108,300.344215,2366.695828
108.2,300.344215,2362.940761
108.4,300.344215,2357.624465
108.6,300.344215,2355.163523
108.8,300.344215,2351.761828
109,300.344215,2349.590409
109.2,300.344215,2361.902241
109.4,300.344215,2357.594639
109.6,300.344215,2364.26445
109.8,300.344215,2357.43977
110,300.344215,2358.327899
110.2,300.344215,2356.965
110.4,300.344215,2352.896351
110.6,300.344215,2354.459237
110.8,300.344215,2364.278304
111,300.344215,2363.863006
111.2,300.344215,2365.014262
111.4,300.344215,2357.295593
111.6,300.344215,2361.605123
111.8,300.344215,2371.396408
112,300.344215,2356.273699
112.2,300.344215,2361.780208
112.4,300.344215,2368.719805
112.6,300.344215,2362.264683
112.8,300.344215,2365.367834
113,300.344215,2361.987486
113.2,300.344215,2369.906294
113.4,300.344215,2359.620546
113.6,300.344215,2369.728592
113.8,300.344215,2362.99055
114,300.344215,2345.638873
114.2,300.344215,2353.793929
114.4,300.344215,2351.791482
114.6,300.344215,2351.497491
114.8,300.344215,2352.627604
115,300.344215,2351.892681
115.2,300.344215,2339.070269
115.4,300.344215,2345.166845
115.6,300.344215,2350.96775
115.8,300.344215,2352.408695
116,300.344215,2347.26662
116.2,300.344215,2346.529429
116.4,300.344215,2348.358164
116.6,300.344215,2350.757993
116.8,300.344215,2341.640398
117,300.344215,2340.107425
117.2,300.344215,2347.247046
117.4,300.344215,2337.544329
117.6,300.344215,2336.70865
117.8,300.344215,2343.357721
118,300.344215,2340.542061
118.2,300.344215,2339.972944
118.4,300.344215,2334.770222
118.6,300.344215,2341.443637
118.8,300.344215,2344.098351
119,300.344215,2337.044817
119.2,300.344215,2342.160332
119.4,300.344215,2327.482599
119.6,300.344215,2341.096155
119.8,300.344215,2333.758895
120,300.344215,2337.134031
120.2,300.344215,2334.71975
120.4,300.344215,2328.330333
120.6,300.344215,2332.140709
120.8,300.344215,2326.028757
121,300.344215,2324.205411
121.2,300.344215,2321.157543
121.4,300.344215,2317.297033
121.6,300.344215,2312.319283
121.8,300.344215,2317.074178
122,300.344215,2312.878662
122.2,300.344215,2319.472184
122.4,300.344215,2316.946483
122.6,300.344215,2328.304143
122.8,300.344215,2315.618523
123,300.344215,2315.805827
123.2,300.344215,2310.198305
123.4,300.344215,2317.500481
123.6,300.344215,2326.831209
123.8,300.344215,2319.478412
124,300.344215,2321.701312
124.2,300.344215,2329.158944
124.4,300.344215,2327.825413
124.6,300.344215,2329.007874
124.8,300.344215,2313.853508
125,300.344215,2328.895527
125.2,300.344215,2323.183416
125.4,300.344215,2322.72129
125.6,300.344215,2307.231784
125.8,300.344215,2323.396581
126,300.344215,2318.968868
126.2,300.344215,2331.30227
126.4,300.344215,2313.441127
126.6,300.344215,2307.809737
126.8,300.344215,2313.097149
127,300.344215,2310.398303
127.2,300.344215,2309.525247
127.4,300.344215,2305.466598
127.6,300.344215,2309.977213
127.8,300.344215,2315.508727
128,300.344215,2309.67922
128.2,300.344215,2303.900686
128.4,300.344215,2318.742227
128.6,300.344215,2319.183252
128.8,300.344215,2322.325595
129,300.344215,2300.519075
129.2,300.344215,2307.472511
129.4,300.344215,2304.848321
129.6,300.344215,2306.276457
129.8,300.344215,2307.045526
130,300.344215,2299.39176
130.2,300.344215,2297.178009
130.4,300.344215,2295.87983
130.6,300.344215,2297.252531
130.8,300.344215,2309.651201
131,300.344215,2308.706894
131.2,300.344215,2302.2954
131.4,300.344215,2296.86118
131.6,300.344215,2310.79149
131.8,300.344215,2302.198199
132,300.344215,2309.145379
132.2,300.344215,2285.222766
132.4,300.344215,2306.380503
132.6,300.344215,2299.35245
132.8,300.344215,2318.413486
133,300.344215,2304.464237
133.2,300.344215,2306.600143
133.4,300.344215,2305.734518
133.6,300.344215,2304.797356
133.8,300.344215,2305.016917
134,300.344215,2292.204682
134.2,300.344215,2291.084714
134.4,300.344215,2299.679411
134.6,300.344215,2288.498927
134.8,300.344215,2292.625742
135,300.344215,2298.079612
135.2,300.344215,2307.105511
135.4,300.344215,2301.00879
135.6,300.344215,2297.712798
135.8,300.344215,2291.178571
136,300.344215,2293.4498
136.2,300.344215,2296.972893
136.4,300.344215,2277.332506
136.6,300.344215,2290.966652
136.8,300.344215,2288.946364
137,300.344215,2290.815701
137.2,300.344215,2282.695072
137.4,300.344215,2294.098001
137.6,300.344215,2287.377825
137.8,300.344215,2282.225742
138,300.344215,2292.374888
138.2,300.344215,2283.117125
138.4,300.344215,2295.67041
138.6,300.344215,2288.662083
138.8,300.344215,2287.0945
139,300.344215,2280.376338
139.2,300.344215,2283.51959
139.4,300.344215,2286.11146
139.6,300.344215,2281.528825
139.8,300.344215,2288.776039
140,300.344215,2288.977027
140.2,300.344215,2292.620667
140.4,300.344215,2282.151833
140.6,300.344215,2278.00821
140.8,300.344215,2293.162641
141,300.344215,2287.201469
141.2,300.344215,2293.459664
141.4,300.344215,2298.969018
141.6,300.344215,2294.657446
141.8,300.344215,2300.409502
142,300.344215,2297.086024
142.2,300.344215,2301.176889
142.4,300.344215,2304.262287
142.6,300.344215,2290.95374
142.8,300.344215,2302.531298
143,300.344215,2301.004341
143.2,300.344215,2298.061776
143.4,300.344215,2285.507052
143.6,300.344215,2280.120864
143.8,300.344215,2297.959824
144,300.344215,2298.072322
144.2,300.344215,2296.318396
144.4,300.344215,2291.102181
144.6,300.344215,2272.834715
144.8,300.344215,2292.134867
145,300.344215,2289.840485
145.2,300.344215,2292.040185
145.4,300.344215,2293.264658
145.6,300.344215,2285.763823
145.8,300.344215,2283.158609
146,300.344215,2293.924551
146.2,300.344215,2301.043837
146.4,300.344215,2287.149611
146.6,300.344215,2292.902367
146.8,300.344215,2299.749104
147,300.344215,2301.402232
147.2,300.344215,2294.383399
147.4,300.344215,2303.848566
147.6,300.344215,2294.62704
147.8,300.344215,2299.983553
148,300.344215,2302.777583
148.2,300.344215,2294.607828
148.4,300.344215,2293.754263
148.6,300.344215,2304.97442
148.8,300.344215,2309.981293
149,300.344215,2306.812377
149.2,300.344215,2302.854525
149.4,300.344215,2298.08769
149.6,300.344215,2299.990196
149.8,300.344215,2299.302447
150,300.344215,2289.305863
150.2,300.344215,2290.499304
150.4,300.344215,2303.127671
150.6,300.344215,2307.650291
150.8,300.344215,2297.276831
151,300.344215,2306.83328
151.2,300.344215,2307.676269
151.4,300.344215,2314.286259
151.6,300.344215,2299.129732
151.8,300.344215,2305.906908
152,300.344215,2296.43986
152.2,300.344215,2304.505471
152.4,300.344215,2296.66191
152.6,300.344215,2305.360007
152.8,300.344215,2303.956821
153,300.344215,2298.792561
153.2,300.344215,2297.528932
153.4,300.344215,2301.595632
153.6,300.344215,2305.60619
153.8,300.344215,2310.293866
154,300.344215,2315.176151
154.2,300.344215,2310.657028
154.4,300.344215,2294.760889
154.6,300.344215,2297.113668
154.8,300.344215,2310.876828
155,300.344215,2320.617189
155.2,300.344215,2303.365628
155.4,300.344215,2302.871905
155.6,300.344215,2292.861411
155.8,300.344215,2306.114893
156,300.344215,2283.993822
156.2,300.344215,2292.248918
156.4,300.344215,2288.846375
156.6,300.344215,2280.50956
156.8,300.344215,2286.54135
157,300.344215,2283.653587
157.2,300.344215,2304.573476
157.4,300.344215,2302.725603
157.6,300.344215,2300.133837
157.8,300.344215,2294.754609
158,300.344215,2293.071914
158.2,300.344215,2291.343468
158.4,300.344215,2282.920848
158.6,300.344215,2284.395995
158.8,300.344215,2286.059616
159,300.344215,2294.084668
159.2,300.344215,2289.756833
159.4,300.344215,2285.060293
159.6,300.344215,2287.040428
159.8,300.344215,2290.18671
160,300.344215,2291.833142
160.2,300.344215,2282.977199
160.4,300.344215,2280.887062
160.6,300.344215,2286.41095
160.8,300.344215,2292.646259
161,300.344215,2299.356894
161.2,300.344215,2296.895948
161.4,300.344215,2288.873908
161.6,300.344215,2301.386317
161.8,300.344215,2301.919919
162,300.344215,2293.825189
162.2,300.344215,2305.97725
162.4,300.344215,2297.933613
162.6,300.344215,2290.415849
162.8,300.344215,2290.261044
163,300.344215,2307.462515
163.2,300.344215,2296.86153
163.4,300.344215,2307.441474
163.6,300.344215,2301.007123
163.8,300.344215,2301.118594
164,300.344215,2300.469217
164.2,300.344215,2299.900461
164.4,300.344215,2311.500346
164.6,300.344215,2302.585947
164.8,300.344215,2292.007539
165,300.344215,2292.883684
165.2,300.344215,2294.088168
165.4,300.344215,2280.78778
165.6,300.344215,2301.077599
165.8,300.344215,2297.923163
166,300.344215,2296.134463
166.2,300.344215,2299.872788
166.4,300.344215,2295.724402
166.6,300.344215,2287.075527
166.8,300.344215,2297.013747
167,300.344215,2289.913088
167.2,300.344215,2290.204362
167.4,300.344215,2297.25221
167.6,300.344215,2297.427922
167.8,300.344215,2302.744512
168,300.344215,2307.872784
168.2,300.344215,2290.576301
168.4,300.344215,2297.626874
168.6,300.344215,2295.417336
168.8,300.344215,2305.148793
169,300.344215,2306.364778
169.2,300.344215,2298.775365
169.4,300.344215,2283.030066
169.6,300.344215,2289.198652
169.8,300.344215,2291.976972
170,300.344215,2294.698696
170.2,300.344215,2298.246728
170.4,300.344215,2286.774274
170.6,300.344215,2288.529074
170.8,300.344215,2294.421095
171,300.344215,2290.87469
171.2,300.344215,2276.371363
171.4,300.344215,2272.720405
171.6,300.344215,2271.216224
171.8,300.344215,2281.024833
172,300.344215,2294.387598
172.2,300.344215,2283.264297
172.4,300.344215,2287.508649
172.6,300.344215,2287.942397
172.8,300.344215,2293.61011
173,300.344215,2283.35977
173.2,300.344215,2275.831518
173.4,300.344215,2282.511741
173.6,300.344215,2275.430892
173.8,300.344215,2282.235221
174,300.344215,2285.375172
174.2,300.344215,2279.941378
174.4,300.344215,2295.010277
174.6,300.344215,2286.107798
174.8,300.344215,2295.219875
175,300.344215,2292.52323
175.2,300.344215,2305.948276
175.4,300.344215,2291.307078
175.6,300.344215,2278.849727
175.8,300.344215,2284.373909
176,300.344215,2277.749164
176.2,300.344215,2271.925154
176.4,300.344215,2284.734547
176.6,300.344215,2267.151737
176.8,300.344215,2272.790101
177,300.344215,2280.29183
177.2,300.344215,2282.998825
177.4,300.344215,2280.86992
177.6,300.344215,2282.035691
177.8,300.344215,2276.223995
178,300.344215,2275.880229
178.2,300.344215,2283.049121
178.4,300.344215,2283.962053
178.6,300.344215,2273.60458
178.8,300.344215,2275.468849
179,300.344215,2275.679427
179.2,300.344215,2276.74418
179.4,300.344215,2274.702025
179.6,300.344215,2282.102608
179.8,300.344215,2286.922838
180,300.344215,2290.042268
180.2,300.344215,2283.970279
180.4,300.344215,2291.385694
180.6,300.344215,2298.906763
180.8,300.344215,2286.230496
181,300.344215,2292.330572
181.2,300.344215,2287.5463
181.4,300.344215,2276.102595
181.6,300.344215,2283.806334
181.8,300.344215,2289.756747
182,300.344215,2287.877038
182.2,300.344215,2282.259253
182.4,300.344215,2289.498728
182.6,300.344215,2292.603369
182.8,300.344215,2300.069765
183,300.344215,2290.92924
183.2,300.344215,2284.86261
183.4,300.344215,2288.26786
183.6,300.344215,2280.274649
183.8,300.344215,2277.489471
184,300.344215,2285.171991
184.2,300.344215,2273.098952
184.4,300.344215,2266.831168
184.6,300.344215,2278.699726
184.8,300.344215,2280.868093
185,300.344215,2269.255555
185.2,300.344215,2273.285233
185.4,300.344215,2291.747173
185.6,300.344215,2286.989097
185.8,300.344215,2277.765524
186,300.344215,2282.778569
186.2,300.344215,2278.370616
186.4,300.344215,2274.167354
186.6,300.344215,2280.067475
186.8,300.344215,2265.594317
187,300.344215,2273.456323
187.2,300.344215,2291.168375
187.4,300.344215,2283.097487
187.6,300.344215,2281.170207
187.8,300.344215,2278.099778
188,300.344215,2274.377614
188.2,300.344215,2273.834342
188.4,300.344215,2276.921304
188.6,300.344215,2266.013697
188.8,300.344215,2278.075096
189,300.344215,2288.867438
189.2,300.344215,2288.373013
189.4,300.344215,2284.537929
189.6,300.344215,2287.70822
189.8,300.344215,2282.793445
190,300.344215,2277.649374
190.2,300.344215,2290.806078
190.4,300.344215,2282.810307
190.6,300.344215,2275.822476
190.8,300.344215,2280.521
191,300.344215,2273.803727
191.2,300.344215,2264.396145
191.4,300.344215,2284.126102
191.6,300.344215,2270.28637
191.8,300.344215,2284.523087
192,300.344215,2272.152009
192.2,300.344215,2273.847745
192.4,300.344215,2270.139147
192.6,300.344215,2275.024901
192.8,300.344215,2270.387782
193,300.344215,2272.70722
193.2,300.344215,2277.293344
193.4,300.344215,2283.331534
193.6,300.344215,2287.575554
193.8,300.344215,2306.802769
194,300.344215,2284.779414
194.2,300.344215,2287.677063
194.4,300.344215,2288.826282
194.6,300.344215,2282.192882
194.8,300.344215,2287.745566
195,300.344215,2285.685091
195.2,300.344215,2288.288416
195.4,300.344215,2288.210047
195.6,300.344215,2288.822103
195.8,300.344215,2291.132625
196,300.344215,2300.764758
196.2,300.344215,2284.917675
196.4,300.344215,2290.102044
196.6,300.344215,2299.618385
196.8,300.344215,2295.713329
197,300.344215,2297.973175
197.2,300.344215,2284.581126
197.4,300.344215,2287.37613
197.6,300.344215,2286.966962
197.8,300.344215,2286.16023
198,300.344215,2282.730255
198.2,300.344215,2287.621205
198.4,300.344215,2280.121969
198.6,300.344215,2281.623095
198.8,300.344215,2277.108371
199,300.344215,2280.235411
199.2,300.344215,2272.011783
199.4,300.344215,2284.632997
199.6,300.344215,2278.085066
199.8,300.344215,2287.479127
200,300.344215,2277.584927
200.2,300.344215,2278.186893
200.4,300.344215,2281.236446
200.6,300.344215,2284.329659
200.8,300.344215,2290.359829
201,300.344215,2281.994503
201.2,300.344215,2288.801165
201.4,300.344215,2283.662266
201.6,300.344215,2278.595076
201.8,300.344215,2281.024184
202,300.344215,2270.582179
202.2,300.344215,2274.344145
202.4,300.344215,2272.956903
202.6,300.344215,2270.572392
202.8,300.344215,2277.125884
203,300.344215,2264.248356
203.2,300.344215,2266.559002
203.4,300.344215,2265.737815
203.6,300.344215,2268.933126
203.8,300.344215,2266.433831
204,300.344215,2267.678924
204.2,300.344215,2273.740065
204.4,300.344215,2272.575926
204.6,300.344215,2261.721598
204.8,300.344215,2271.993565
205,300.344215,2280.844073
205.2,300.344215,2273.490193
205.4,300.344215,2270.837027
205.6,300.344215,2273.604928
205.8,300.344215,2276.535021
206,300.344215,2280.232429
206.2,300.344215,2276.855501
206.4,300.344215,2270.775799
206.6,300.344215,2263.201537
206.8,300.344215,2276.091111
207,300.344215,2278.280676
207.2,300.344215,2281.068549
207.4,300.344215,2279.072543
207.6,300.344215,2276.206686
207.8,300.344215,2271.099114
208,300.344215,2280.76225
208.2,300.344215,2282.520301
208.4,300.344215,2288.019248
208.6,300.344215,2293.835754
208.8,300.344215,2286.865696
209,300.344215,2287.570918
209.2,300.344215,2279.651925
209.4,300.344215,2276.514243
209.6,300.344215,2266.916602
209.8,300.344215,2261.876485
210,300.344215,2274.685444
210.2,300.344215,2282.556753
210.4,300.344215,2285.373405
210.6,300.344215,2282.443719
210.8,300.344215,2283.485047
211,300.344215,2270.347938
211.2,300.344215,2273.071274
211.4,300.344215,2280.107127
211.6,300.344215,2281.174168
211.8,300.344215,2274.77862
212,300.344215,2276.606224
212.2,300.344215,2286.206102
212.4,300.344215,2279.121199
212.6,300.344215,2276.330633
212.8,300.344215,2270.492017
213,300.344215,2282.120905
213.2,300.344215,2274.110093
213.4,300.344215,2281.589127
213.6,300.344215,2274.537992
213.8,300.344215,2274.734799
214,300.344215,2280.250916
214.2,300.344215,2291.964173
214.4,300.344215,2279.388977
214.6,300.344215,2276.357355
214.8,300.344215,2289.640015
215,300.344215,2285.722654
215.2,300.344215,2290.907997
215.4,300.344215,2276.813573
215.6,300.344215,2292.55037
215.8,300.344215,2294.223588
216,300.344215,2296.91966
216.2,300.344215,2286.69935
216.4,300.344215,2290.508487
216.6,300.344215,2293.584367
216.8,300.344215,2291.091696
217,300.344215,2302.630462
217.2,300.344215,2301.497367
217.4,300.344215,2300.81962
217.6,300.344215,2286.93756
217.8,300.344215,2285.531731
218,300.344215,2281.21223
218.2,300.344215,2278.232035
218.4,300.344215,2285.272335
218.6,300.344215,2278.308146
218.8,300.344215,2271.436118
219,300.344215,2274.973016
219.2,300.344215,2282.591544
219.4,300.344215,2275.905135
219.6,300.344215,2273.692729
219.8,300.344215,2264.588465
220,300.344215,2265.737582
220.2,300.344215,2274.013224
220.4,300.344215,2277.922053
220.6,300.344215,2269.176892
220.8,300.344215,2263.293141
221,300.344215,2272.304875
221.2,300.344215,2272.86957
221.4,300.344215,2256.357362
221.6,300.344215,2267.742785
221.8,300.344215,2272.571018
222,300.344215,2273.051957
222.2,300.344215,2274.221547
222.4,300.344215,2269.064396
222.6,300.344215,2267.388365
222.8,300.344215,2273.772806
223,300.344215,2273.637725
223.2,300.344215,2269.130859
223.4,300.344215,2258.173173
223.6,300.344215,2260.269235
223.8,300.344215,2271.242443
224,300.344215,2269.084594
224.2,300.344215,2270.764674
224.4,300.344215,2274.421232
224.6,300.344215,2268.533917
224.8,300.344215,2255.747728
225,300.344215,2251.809334
225.2,300.344215,2262.649142
225.4,300.344215,2266.741509
225.6,300.344215,2259.80702
225.8,300.344215,2269.791289
226,300.344215,2266.074947
226.2,300.344215,2283.031513
226.4,300.344215,2273.700357
226.6,300.344215,2275.111704
226.8,300.344215,2263.213623
227,300.344215,2275.755102
227.2,300.344215,2265.521382
227.4,300.344215,2262.595386
227.6,300.344215,2264.245779
227.8,300.344215,2265.498095
228,300.344215,2258.060836
228.2,300.344215,2264.882847
228.4,300.344215,2265.947134
228.6,300.344215,2268.046334
228.8,300.344215,2258.276655
229,300.344215,2265.026948
229.2,300.344215,2267.103227
229.4,300.344215,2249.410874
229.6,300.344215,2259.36953
229.8,300.344215,2262.566038
230,300.344215,2271.891661
230.2,300.344215,2270.121639
230.4,300.344215,2265.361491
230.6,300.344215,2276.293921
230.8,300.344215,2268.608091
231,300.344215,2265.198754
231.2,300.344215,2264.896197
231.4,300.344215,2272.210074
231.6,300.344215,2267.047943
231.8,300.344215,2283.240488
232,300.344215,2285.359086
232.2,300.344215,2286.984295
232.4,300.344215,2275.94496
232.6,300.344215,2285.563854
232.8,300.344215,2277.559504
233,300.344215,2276.522819
233.2,300.344215,2273.012381
233.4,300.344215,2272.602892
233.6,300.344215,2278.666756
233.8,300.344215,2268.140582
234,300.344215,2265.942507
234.2,300.344215,2275.631359
234.4,300.344215,2274.436594
234.6,300.344215,2259.970826
234.8,300.344215,2266.930074
235,300.344215,2270.709631
235.2,300.344215,2280.549774
235.4,300.344215,2276.438934
235.6,300.344215,2270.042844
235.8,300.344215,2277.905946
236,300.344215,2290.958326
236.2,300.344215,2278.304598
236.4,300.344215,2291.195417
236.6,300.344215,2291.175732
236.8,300.344215,2288.927128
237,300.344215,2286.199789
237.2,300.344215,2300.755749
237.4,300.344215,2303.447644
237.6,300.344215,2291.979388
237.8,300.344215,2284.930383
238,300.344215,2288.375832
238.2,300.344215,2282.905363
238.4,300.344215,2289.135077
238.6,300.344215,2285.087108
238.8,300.344215,2292.148098
239,300.344215,2286.538503
239.2,300.344215,2297.464897
239.4,300.344215,2299.068437
239.6,300.344215,2295.707687
239.8,300.344215,2293.141158
240,300.344215,2290.17593
240.2,300.344215,2283.378031
240.4,300.344215,2278.25562
240.6,300.344215,2292.208738
240.8,300.344215,2297.85584
241,300.344215,2280.411218
241.2,300.344215,2288.839882
241.4,300.344215,2276.849566
241.6,300.344215,2265.042936
241.8,300.344215,2274.066986
242,300.344215,2266.014539
242.2,300.344215,2269.193461
242.4,300.344215,2258.547773
242.6,300.344215,2274.525362
242.8,300.344215,2266.364728
243,300.344215,2261.236406
243.2,300.344215,2260.211338
243.4,300.344215,2271.517096
243.6,300.344215,2274.094534
243.8,300.344215,2269.45561
244,300.344215,2274.151238
244.2,300.344215,2266.010103
244.4,300.344215,2261.049702
244.6,300.344215,2263.892481
244.8,300.344215,2272.527086
245,300.344215,2262.413862
245.2,300.344215,2262.40003
245.4,300.344215,2260.140807
245.6,300.344215,2258.842545
245.8,300.344215,2260.105798
246,300.344215,2258.181882
246.2,300.344215,2261.754837
246.4,300.344215,2263.586254
246.6,300.344215,2264.331497
246.8,300.344215,2266.072923
247,300.344215,2269.394678
247.2,300.344215,2275.694275
247.4,300.344215,2271.584568
247.6,300.344215,2262.239093
247.8,300.344215,2271.841191
248,300.344215,2269.627394
248.2,300.344215,2256.33527
248.4,300.344215,2265.36342
248.6,300.344215,2271.718335
248.8,300.344215,2284.978565
249,300.344215,2279.435875
249.2,300.344215,2272.400008
249.4,300.344215,2275.781385
249.6,300.344215,2277.419818
249.8,300.344215,2278.498985
250,300.344215,2285.660952
250.2,300.344215,2290.590355
250.4,300.344215,2284.579545
250.6,300.344215,2289.120333
250.8,300.344215,2295.038277
251,300.344215,2269.092808
251.2,300.344215,2286.145797
251.4,300.344215,2282.627347
251.6,300.344215,2282.088719
251.8,300.344215,2273.299404
252,300.344215,2276.145063
252.2,300.344215,2263.101395
252.4,300.344215,2262.78879
252.6,300.344215,2276.944958
252.8,300.344215,2281.968977
253,300.344215,2277.727837
253.2,300.344215,2283.778578
253.4,300.344215,2284.957235
253.6,300.344215,2281.047479
253.8,300.344215,2287.471842
254,300.344215,2292.18076
254.2,300.344215,2283.485768
254.4,300.344215,2281.159401
254.6,300.344215,2281.389125
254.8,300.344215,2276.050885
255,300.344215,2280.404695
255.2,300.344215,2273.337318
255.4,300.344215,2279.316267
255.6,300.344215,2271.202654
255.8,300.344215,2271.676862
256,300.344215,2274.178876
256.2,300.344215,2276.328773
256.4,300.344215,2285.093552
256.6,300.344215,2274.307825
256.8,300.344215,2284.217126
257,300.344215,2278.955269
257.2,300.344215,2269.420566
257.4,300.344215,2281.146567
257.6,300.344215,2271.315701
257.8,300.344215,2264.554891
258,300.344215,2260.25753
258.2,300.344215,2269.597277
258.4,300.344215,2284.852685
258.6,300.344215,2270.997574
258.8,300.344215,2263.639338
259,300.344215,2273.871381
259.2,300.344215,2280.627559
259.4,300.344215,2281.225635
259.6,300.344215,2283.50929
259.8,300.344215,2273.079793
260,300.344215,2267.844563
260.2,300.344215,2264.647337
260.4,300.344215,2261.509826
260.6,300.344215,2272.761966
260.8,300.344215,2262.21601
261,300.344215,2267.768293
261.2,300.344215,2270.473202
261.4,300.344215,2273.307465
261.6,300.344215,2273.780252
261.8,300.344215,2277.880637
262,300.344215,2278.795588
262.2,300.344215,2283.647589
262.4,300.344215,2274.133181
262.6,300.344215,2285.551409
262.8,300.344215,2287.711697
263,300.344215,2278.96846
263.2,300.344215,2278.309786
263.4,300.344215,2280.654032
263.6,300.344215,2302.867666
263.8,300.344215,2291.113065
264,300.344215,2290.211222
264.2,300.344215,2294.025368
264.4,300.344215,2285.136145
264.6,300.344215,2279.328268
264.8,300.344215,2295.524163
265,300.344215,2293.718029
265.2,300.344215,2296.71674
265.4,300.344215,2296.389599
265.6,300.344215,2291.737502
265.8,300.344215,2293.351866
266,300.344215,2305.404972
266.2,300.344215,2306.296804
266.4,300.344215,2304.283392
266.6,300.344215,2297.913556
266.8,300.344215,2294.337828
267,300.344215,2301.998874
267.2,300.344215,2297.055275
267.4,300.344215,2297.597664
267.6,300.344215,2291.922393
267.8,300.344215,2287.502379
268,300.344215,2290.403145
268.2,300.344215,2289.538154
268.4,300.344215,2292.802597
268.6,300.344215,2307.475493
268.8,300.344215,2293.903121
269,300.344215,2295.753558
269.2,300.344215,2293.086206
269.4,300.344215,2309.222972
269.6,300.344215,2309.867699
269.8,300.344215,2309.089858
270,300.344215,2301.689057
270.2,300.344215,2312.856898
270.4,300.344215,2307.779803
270.6,300.344215,2306.877411
270.8,300.344215,2313.657416
271,300.344215,2310.663531
271.2,300.344215,2303.992365
271.4,300.344215,2308.213286
271.6,300.344215,2318.496266
271.8,300.344215,2307.931543
272,300.344215,2299.187632
272.2,300.344215,2304.333349
272.4,300.344215,2307.548646
272.6,300.344215,2298.317926
272.8,300.344215,2296.754849
273,300.344215,2304.849705
273.2,300.344215,2303.304123
273.4,300.344215,2305.928109
273.6,300.344215,2304.678203
273.8,300.344215,2307.666938
274,300.344215,2308.630545
274.2,300.344215,2294.701552
274.4,300.344215,2297.86495
274.6,300.344215,2301.500604
274.8,300.344215,2315.409458
275,300.344215,2297.875858
275.2,300.344215,2289.814386
275.4,300.344215,2297.0564
275.6,300.344215,2299.651363
275.8,300.344215,2304.903991
276,300.344215,2300.626741
276.2,300.344215,2297.005334
276.4,300.344215,2301.533427
276.6,300.344215,2300.475781
276.8,300.344215,2282.064208
277,300.344215,2291.753548
277.2,300.344215,2285.340838
277.4,300.344215,2282.364756
277.6,300.344215,2292.710346
277.8,300.344215,2296.618488
278,300.344215,2299.223626
278.2,300.344215,2296.176009
278.4,300.344215,2296.837713
278.6,300.344215,2294.001641
278.8,300.344215,2296.041727
279,300.344215,2287.687144
279.2,300.344215,2291.430832
279.4,300.344215,2281.702913
279.6,300.344215,2280.245348
279.8,300.344215,2287.964523
280,300.344215,2289.221375
280.2,300.344215,2289.722417
280.4,300.344215,2279.001992
280.6,300.344215,2284.516038
280.8,300.344215,2293.280305
281,300.344215,2289.534421
281.2,300.344215,2304.93255
281.4,300.344215,2297.822971
281.6,300.344215,2307.899816
281.8,300.344215,2307.215033
282,300.344215,2306.171102
282.2,300.344215,2308.017489
282.4,300.344215,2307.184702
282.6,300.344215,2309.188575
282.8,300.344215,2302.245111
283,300.344215,2292.45
283.2,300.344215,2301.979175
283.4,300.344215,2303.184863
283.6,300.344215,2303.446448
283.8,300.344215,2303.32214
284,300.344215,2298.40258
284.2,300.344215,2304.17905
284.4,300.344215,2301.173737
284.6,300.344215,2293.190462
284.8,300.344215,2300.181618
285,300.344215,2292.859754
285.2,300.344215,2291.622928
285.4,300.344215,2299.756764
285.6,300.344215,2305.976683
285.8,300.344215,2291.963015
286,300.344215,2288.70128
286.2,300.344215,2294.965183
286.4,300.344215,2301.000352
286.6,300.344215,2299.725939
286.8,300.344215,2299.568989
287,300.344215,2297.67372
287.2,300.344215,2305.069033
287.4,300.344215,2309.231715
287.6,300.344215,2310.052779
287.8,300.344215,2303.519958
288,300.344215,2302.213955
288.2,300.344215,2306.688057
288.4,300.344215,2310.942852
288.6,300.344215,2309.656738
288.8,300.344215,2306.242971
289,300.344215,2303.124718
289.2,300.344215,2276.946638
289.4,300.344215,2303.679039
289.6,300.344215,2289.633311
289.8,300.344215,2294.53145
290,300.344215,2307.652602
290.2,300.344215,2291.981971
290.4,300.344215,2295.656475
290.6,300.344215,2290.414525
290.8,300.344215,2289.227384
291,300.344215,2296.278203
291.2,300.344215,2294.157582
291.4,300.344215,2298.982959
291.6,300.344215,2303.282255
291.8,300.344215,2294.64508
292,300.344215,2291.091428
292.2,300.344215,2289.614417
292.4,300.344215,2289.797919
292.6,300.344215,2301.359423
292.8,300.344215,2302.112857
293,300.344215,2294.810049
293.2,300.344215,2299.949376
293.4,300.344215,2305.987845
293.6,300.344215,2293.755692
293.8,300.344215,2295.687023
294,300.344215,2297.691928
294.2,300.344215,2301.609639
294.4,300.344215,2304.010869
294.6,300.344215,2282.915653
294.8,300.344215,2294.118242
295,300.344215,2306.878006
295.2,300.344215,2295.074002
295.4,300.344215,2296.682226
295.6,300.344215,2292.907752
295.8,300.344215,2298.063895
296,300.344215,2291.41646
296.2,300.344215,2295.541518
296.4,300.344215,2295.9895
296.6,300.344215,2287.328806
296.8,300.344215,2287.938958
297,300.344215,2288.094828
297.2,300.344215,2291.058392
297.4,300.344215,2287.105778
297.6,300.344215,2287.856167
297.8,300.344215,2298.646987
298,300.344215,2293.164716
298.2,300.344215,2288.728721
298.4,300.344215,2290.160683
298.6,300.344215,2290.456251
298.8,300.344215,2301.806311
299,300.344215,2293.626453
299.2,300.344215,2297.717262
299.4,300.344215,2305.087714
299.6,300.344215,2317.707096
299.8,300.344215,2320.496521
300,300.344215,2318.764413
300.2,300.344215,2323.882876
300.4,300.344215,2317.579667
300.6,300.344215,2320.612763
300.8,300.344215,2315.767517
301,300.344215,2316.240067
301.2,300.344215,2327.07076
301.4,300.344215,2313.821013
301.6,300.344215,2315.013418
301.8,300.344215,2300.383695
302,300.344215,2296.289
302.2,300.344215,2314.634992
302.4,300.344215,2299.562129
302.6,300.344215,2297.576419
302.8,300.344215,2309.341221
303,300.344215,2313.852869
303.2,300.344215,2312.8263
303.4,300.344215,2304.323425
303.6,300.344215,2298.998734
303.8,300.344215,2302.972209
304,300.344215,2302.808111
304.2,300.344215,2297.818987
304.4,300.344215,2284.044693
304.6,300.344215,2301.542673
304.8,300.344215,2312.413251
305,300.344215,2317.13403
305.2,300.344215,2295.021658
305.4,300.344215,2306.659986
305.6,300.344215,2326.193906
305.8,300.344215,2315.096552
306,300.344215,2306.454705
306.2,300.344215,2311.530457
306.4,300.344215,2303.858194
306.6,300.344215,2315.370603
306.8,300.344215,2308.39961
307,300.344215,2302.745317
307.2,300.344215,2312.686702
307.4,300.344215,2306.449563
307.6,300.344215,2294.992051
307.8,300.344215,2307.932343
308,300.344215,2318.057256
308.2,300.344215,2306.105885
308.4,300.344215,2294.486869
308.6,300.344215,2318.441317
308.8,300.344215,2310.934428
309,300.344215,2305.806263
309.2,300.344215,2297.979354
309.4,300.344215,2301.903594
309.6,300.344215,2314.078586
309.8,300.344215,2304.049734
310,300.344215,2312.188351
310.2,300.344215,2318.264992
310.4,300.344215,2314.006263
310.6,300.344215,2321.075906
310.8,300.344215,2324.869659
311,300.344215,2313.75769
311.2,300.344215,2307.408133
311.4,300.344215,2313.982162
311.6,300.344215,2305.68482
311.8,300.344215,2301.38251
312,300.344215,2301.089686
312.2,300.344215,2293.583726
312.4,300.344215,2296.865718
312.6,300.344215,2283.786817
312.8,300.344215,2275.91799
313,300.344215,2291.622074
313.2,300.344215,2290.126105
313.4,300.344215,2296.182284
313.6,300.344215,2297.479343
313.8,300.344215,2300.26661
314,300.344215,2296.197537
314.2,300.344215,2305.076325
314.4,300.344215,2305.26061
314.6,300.344215,2302.193633
314.8,300.344215,2312.386957
315,300.344215,2317.149205
315.2,300.344215,2318.495746
315.4,300.344215,2308.608464
315.6,300.344215,2308.678652
315.8,300.344215,2306.614296
316,300.344215,2306.176048
316.2,300.344215,2309.6372
316.4,300.344215,2311.79721
316.6,300.344215,2315.77663
316.8,300.344215,2319.90074
317,300.344215,2319.565763
317.2,300.344215,2319.895453
317.4,300.344215,2320.920526
317.6,300.344215,2305.814698
317.8,300.344215,2306.368448
318,300.344215,2313.587105
318.2,300.344215,2311.551255
318.4,300.344215,2310.249253
318.6,300.344215,2309.588807
318.8,300.344215,2320.872386
319,300.344215,2320.371086
319.2,300.344215,2323.729582
319.4,300.344215,2314.98103
319.6,300.344215,2301.608311
319.8,300.344215,2305.826391
320,300.344215,2324.120439
320.2,300.344215,2321.095935
320.4,300.344215,2322.804121
320.6,300.344215,2320.182735
320.8,300.344215,2316.416824
321,300.344215,2313.097979
321.2,300.344215,2313.531731
321.4,300.344215,2318.716126
321.6,300.344215,2306.407049
321.8,300.344215,2312.541076
322,300.344215,2299.953614
322.2,300.344215,2304.945728
322.4,300.344215,2305.121556
322.6,300.344215,2311.302401
322.8,300.344215,2307.532757
323,300.344215,2310.018029
323.2,300.344215,2305.146969
323.4,300.344215,2312.837563
323.6,300.344215,2320.296604
323.8,300.344215,2321.378604
324,300.344215,2311.162356
324.2,300.344215,2308.176506
324.4,300.344215,2313.306133
324.6,300.344215,2310.92657
324.8,300.344215,2305.255904
325,300.344215,2307.892499
325.2,300.344215,2309.871344
325.4,300.344215,2313.396628
325.6,300.344215,2317.061127
325.8,300.344215,2310.456016
326,300.344215,2320.400454
326.2,300.344215,2324.329483
326.4,300.344215,2321.501401
326.6,300.344215,2322.506261
326.8,300.344215,2320.287856
327,300.344215,2317.960162
327.2,300.344215,2302.137807
327.4,300.344215,2308.022542
327.6,300.344215,2299.259114
327.8,300.344215,2297.59893
328,300.344215,2301.645477
328.2,300.344215,2304.213274
328.4,300.344215,2299.042501
328.6,300.344215,2298.169168
328.8,300.344215,2295.951907
329,300.344215,2312.959875
329.2,300.344215,2308.412773
329.4,300.344215,2293.988248
329.6,300.344215,2299.622643
329.8,300.344215,2296.650635
330,300.344215,2297.601714
330.2,300.344215,2299.772775
330.4,300.344215,2300.828814
330.6,300.344215,2298.980383
330.8,300.344215,2293.215735
331,300.344215,2302.079801
331.2,300.344215,2302.961425
331.4,300.344215,2298.884838
331.6,300.344215,2300.753363
331.8,300.344215,2303.097029
332,300.344215,2305.049555
332.2,300.344215,2297.732158
332.4,300.344215,2310.437682
332.6,300.344215,2312.967078
332.8,300.344215,2315.843193
333,300.344215,2303.482934
333.2,300.344215,2308.863849
333.4,300.344215,2308.768434
333.6,300.344215,2315.216523
333.8,300.344215,2306.336815
334,300.344215,2315.121745
334.2,300.344215,2306.673649
334.4,300.344215,2316.862693
334.6,300.344215,2313.883572
334.8,300.344215,2321.046399
335,300.344215,2326.520861
335.2,300.344215,2319.007866
335.4,300.344215,2319.871737
335.6,300.344215,2311.904857
335.8,300.344215,2310.563357
336,300.344215,2324.006425
336.2,300.344215,2327.159011
336.4,300.344215,2318.329982
336.6,300.344215,2330.767909
336.8,300.344215,2332.573757
337,300.344215,2329.356852
337.2,300.344215,2320.381345
337.4,300.344215,2312.34049
337.6,300.344215,2304.659082
337.8,300.344215,2304.515013
338,300.344215,2299.814601
338.2,300.344215,2318.173747
338.4,300.344215,2326.059926
338.6,300.344215,2310.944266
338.8,300.344215,2307.107898
339,300.344215,2315.718856
339.2,300.344215,2306.364127
339.4,300.344215,2305.14915
339.6,300.344215,2298.965642
339.8,300.344215,2298.631762
340,300.344215,2302.297275
340.2,300.344215,2310.019573
340.4,300.344215,2308.478478
340.6,300.344215,2315.208968
340.8,300.344215,2306.937093
341,300.344215,2298.409467
341.2,300.344215,2303.904687
341.4,300.344215,2297.577815
341.6,300.344215,2296.924504
341.8,300.344215,2292.995892
342,300.344215,2296.922541
342.2,300.344215,2294.122681
342.4,300.344215,2283.665233
342.6,300.344215,2292.943541
342.8,300.344215,2292.416445
343,300.344215,2306.693565
343.2,300.344215,2301.529581
343.4,300.344215,2296.900008
343.6,300.344215,2297.363996
343.8,300.344215,2310.659508
344,300.344215,2296.200171
344.2,300.344215,2298.450095
344.4,300.344215,2312.036369
344.6,300.344215,2311.96001
344.8,300.344215,2314.559193
345,300.344215,2309.52134
345.2,300.344215,2322.410741
345.4,300.344215,2305.561577
345.6,300.344215,2314.887517
345.8,300.344215,2307.431557
346,300.344215,2314.018376
346.2,300.344215,2309.363498
346.4,300.344215,2323.071718
346.6,300.344215,2322.988726
346.8,300.344215,2324.817482
347,300.344215,2326.868654
347.2,300.344215,2328.391057
347.4,300.344215,2333.955315
347.6,300.344215,2333.604615
347.8,300.344215,2326.176682
348,300.344215,2336.518668
348.2,300.344215,2334.760559
348.4,300.344215,2346.245657
348.6,300.344215,2323.536846
348.8,300.344215,2326.567004
349,300.344215,2328.455837
349.2,300.344215,2329.233307
349.4,300.344215,2334.350588
349.6,300.344215,2339.084963
349.8,300.344215,2338.186961
350,300.344215,2331.988018
350.2,300.344215,2318.832327
350.4,300.344215,2335.644508
350.6,300.344215,2334.026572
350.8,300.344215,2332.556345
351,300.344215,2342.684994
351.2,300.344215,2329.929267
351.4,300.344215,2337.722612
351.6,300.344215,2329.447779
351.8,300.344215,2333.846025
352,300.344215,2330.453188
352.2,300.344215,2347.020814
352.4,300.344215,2337.434214
352.6,300.344215,2329.395385
352.8,300.344215,2336.336136
353,300.344215,2344.561373
353.2,300.344215,2336.895927
353.4,300.344215,2338.663041
353.6,300.344215,2331.951082
353.8,300.344215,2337.419996
354,300.344215,2333.573827
354.2,300.344215,2351.15961
354.4,300.344215,2352.980019
354.6,300.344215,2347.832061
354.8,300.344215,2356.162612
355,300.344215,2334.164107
355.2,300.344215,2344.465687
355.4,300.344215,2352.383567
355.6,300.344215,2340.985514
355.8,300.344215,2341.386062
356,300.344215,2342.186337
356.2,300.344215,2326.439055
356.4,300.344215,2336.615562
356.6,300.344215,2333.533711
356.8,300.344215,2327.28212
357,300.344215,2336.598026
357.2,300.344215,2338.277595
357.4,300.344215,2352.97245
357.6,300.344215,2343.31284
357.8,300.344215,2346.757308
358,300.344215,2333.494733
358.2,300.344215,2342.272647
358.4,300.344215,2347.607942
358.6,300.344215,2347.228093
358.8,300.344215,2333.462502
359,300.344215,2336.883393
359.2,300.344215,2357.953761
359.4,300.344215,2344.21782
359.6,300.344215,2332.030751
359.8,300.344215,2325.29811
360,300.344215,2321.786394
360.2,300.344215,2333.382328
360.4,300.344215,2332.936215
360.6,300.344215,2341.189478
360.8,300.344215,2340.389492
361,300.344215,2353.175144
361.2,300.344215,2347.758658
361.4,300.344215,2334.786672
361.6,300.344215,2337.883524
361.8,300.344215,2337.010767
362,300.344215,2335.066088
362.2,300.344215,2338.673118
362.4,300.344215,2345.579557
362.6,300.344215,2344.62704
362.8,300.344215,2352.824972
363,300.344215,2353.908494
363.2,300.344215,2349.702717
363.4,300.344215,2347.419882
363.6,300.344215,2346.048668
363.8,300.344215,2349.491072
364,300.344215,2335.211806
364.2,300.344215,2352.728339
364.4,300.344215,2354.469031
364.6,300.344215,2340.512476
364.8,300.344215,2329.502628
365,300.344215,2343.57246
365.2,300.344215,2342.055819
365.4,300.344215,2331.330568
365.6,300.344215,2342.219862
365.8,300.344215,2333.747505
366,300.344215,2333.923426
366.2,300.344215,2334.372946
366.4,300.344215,2335.369642
366.6,300.344215,2340.114669
366.8,300.344215,2342.388185
367,300.344215,2338.529503
367.2,300.344215,2335.743528
367.4,300.344215,2326.782024
367.6,300.344215,2335.143926
367.8,300.344215,2339.565417
368,300.344215,2346.314863
368.2,300.344215,2346.462502
368.4,300.344215,2354.594502
368.6,300.344215,2343.912878
368.8,300.344215,2346.797748
369,300.344215,2340.141011
369.2,300.344215,2334.643604
369.4,300.344215,2337.651414
369.6,300.344215,2333.360304
369.8,300.344215,2326.13186
370,300.344215,2327.008225
370.2,300.344215,2331.206448
370.4,300.344215,2323.834112
370.6,300.344215,2322.349122
370.8,300.344215,2327.339476
371,300.344215,2325.181091
371.2,300.344215,2333.33206
371.4,300.344215,2323.477473
371.6,300.344215,2325.573099
371.8,300.344215,2339.370371
372,300.344215,2325.364405
372.2,300.344215,2341.651747
372.4,300.344215,2329.005148
372.6,300.344215,2340.503035
372.8,300.344215,2342.71974
373,300.344215,2329.569562
373.2,300.344215,2326.522358
373.4,300.344215,2337.913534
373.6,300.344215,2339.337305
373.8,300.344215,2340.519295
374,300.344215,2345.485052
374.2,300.344215,2341.380737
374.4,300.344215,2335.116384
374.6,300.344215,2347.011143
374.8,300.344215,2341.185835
375,300.344215,2345.885539
375.2,300.344215,2338.726124
375.4,300.344215,2344.639813
375.6,300.344215,2340.390245
375.8,300.344215,2334.816268
376,300.344215,2336.748063
376.2,300.344215,2338.088863
376.4,300.344215,2331.804695
376.6,300.344215,2344.49973
376.8,300.344215,2346.47864
377,300.344215,2345.845944
377.2,300.344215,2334.696665
377.4,300.344215,2333.416585
377.6,300.344215,2338.420902
377.8,300.344215,2334.584218
378,300.344215,2353.881362
378.2,300.344215,2341.784059
378.4,300.344215,2345.935589
378.6,300.344215,2343.198361
378.8,300.344215,2340.61406
379,300.344215,2351.46547
379.2,300.344215,2343.534537
379.4,300.344215,2340.266247
379.6,300.344215,2338.118102
379.8,300.344215,2336.177154
380,300.344215,2341.585981
380.2,300.344215,2342.969137
380.4,300.344215,2329.572982
380.6,300.344215,2330.37713
380.8,300.344215,2327.622028
381,300.344215,2329.8634
381.2,300.344215,2329.875485
381.4,300.344215,2341.260957
381.6,300.344215,2333.60945
381.8,300.344215,2320.312329
382,300.344215,2329.112051
382.2,300.344215,2334.157578
382.4,300.344215,2334.824625
382.6,300.344215,2329.080698
382.8,300.344215,2325.192665
383,300.344215,2320.545639
383.2,300.344215,2334.277302
383.4,300.344215,2340.208014
383.6,300.344215,2341.579041
383.8,300.344215,2347.987242
384,300.344215,2342.748082
384.2,300.344215,2334.589572
384.4,300.344215,2343.650558
384.6,300.344215,2331.452836
384.8,300.344215,2339.024029
385,300.344215,2340.60184
385.2,300.344215,2349.9888
385.4,300.344215,2341.571357
385.6,300.344215,2345.65409
385.8,300.344215,2345.804732
386,300.344215,2347.941463
386.2,300.344215,2363.929895
386.4,300.344215,2348.132931
386.6,300.344215,2341.765132
386.8,300.344215,2337.613746
387,300.344215,2337.107529
387.2,300.344215,2328.33977
387.4,300.344215,2317.174203
387.6,300.344215,2329.782466
387.8,300.344215,2323.986282
388,300.344215,2323.491402
388.2,300.344215,2316.674506
388.4,300.344215,2326.309201
388.6,300.344215,2324.276467
388.8,300.344215,2337.976111
389,300.344215,2331.512732
389.2,300.344215,2331.532779
389.4,300.344215,2333.35529
389.6,300.344215,2336.362653
389.8,300.344215,2324.088466
390,300.344215,2345.898538
390.2,300.344215,2331.70838
390.4,300.344215,2336.811233
390.6,300.344215,2335.579883
390.8,300.344215,2336.646944
391,300.344215,2338.553675
391.2,300.344215,2328.462036
391.4,300.344215,2338.672578
391.6,300.344215,2334.957086
391.8,300.344215,2335.454772
392,300.344215,2328.514329
392.2,300.344215,2341.154894
392.4,300.344215,2336.341753
392.6,300.344215,2337.519037
392.8,300.344215,2329.309192
393,300.344215,2321.042011
393.2,300.344215,2318.342314
393.4,300.344215,2316.340945
393.6,300.344215,2332.569697
393.8,300.344215,2332.662614
394,300.344215,2331.321681
394.2,300.344215,2343.211864
394.4,300.344215,2316.998199
394.6,300.344215,2320.267303
394.8,300.344215,2322.675936
395,300.344215,2328.246079
395.2,300.344215,2329.384119
395.4,300.344215,2320.013391
395.6,300.344215,2314.434912
395.8,300.344215,2318.922167
396,300.344215,2320.977977
396.2,300.344215,2329.832351
396.4,300.344215,2330.422291
396.6,300.344215,2325.844244
396.8,300.344215,2312.425703
397,300.344215,2320.637547
397.2,300.344215,2327.302404
397.4,300.344215,2332.868824
397.6,300.344215,2318.024257
397.8,300.344215,2340.189804
398,300.344215,2332.520304
398.2,300.344215,2310.665279
398.4,300.344215,2331.853224
398.6,300.344215,2333.227649
398.8,300.344215,2343.519021
399,300.344215,2327.500969
399.2,300.344215,2336.126227
399.4,300.344215,2323.74281
399.6,300.344215,2342.815756
399.8,300.344215,2341.885817
400,300.344215,2333.270429
400.2,300.344215,2336.329148
400.4,300.344215,2333.930935
400.6,300.344215,2346.564626
400.8,300.344215,2329.133326
401,300.344215,2336.399519
401.2,300.344215,2337.218896
401.4,300.344215,2337.684649
401.6,300.344215,2330.336369
401.8,300.344215,2342.19221
402,300.344215,2335.228768
402.2,300.344215,2316.836167
402.4,300.344215,2311.634084
402.6,300.344215,2314.998076
402.8,300.344215,2309.992927
403,300.344215,2323.258363
403.2,300.344215,2329.461008
403.4,300.344215,2314.254969
403.6,300.344215,2326.788185
403.8,300.344215,2331.042683
404,300.344215,2321.614349
404.2,300.344215,2330.902485
404.4,300.344215,2328.678615
404.6,300.344215,2329.464837
404.8,300.344215,2332.647204
405,300.344215,2337.208941
405.2,300.344215,2327.757952
405.4,300.344215,2332.970626
405.6,300.344215,2320.109066
405.8,300.344215,2327.237116
406,300.344215,2329.026995
406.2,300.344215,2323.057599
406.4,300.344215,2329.413969
406.6,300.344215,2329.763361
406.8,300.344215,2325.236364
407,300.344215,2324.98319
407.2,300.344215,2309.212328
407.4,300.344215,2301.894852
407.6,300.344215,2308.638795
407.8,300.344215,2315.529412
408,300.344215,2316.620234
408.2,300.344215,2322.276359
408.4,300.344215,2309.614615
408.6,300.344215,2309.252482
408.8,300.344215,2310.303487
409,300.344215,2311.353724
409.2,300.344215,2299.842561
409.4,300.344215,2295.742282
409.6,300.344215,2285.435591
409.8,300.344215,2300.548238
410,300.344215,2301.365651
410.2,300.344215,2288.469411
410.4,300.344215,2315.829967
410.6,300.344215,2303.62995
410.8,300.344215,2303.337884
411,300.344215,2300.61059
411.2,300.344215,2317.328239
411.4,300.344215,2324.389795
411.6,300.344215,2306.635764
411.8,300.344215,2300.832244
412,300.344215,2308.050361
412.2,300.344215,2309.340916
412.4,300.344215,2316.881711
412.6,300.344215,2308.115412
412.8,300.344215,2300.713845
413,300.344215,2304.514414
413.2,300.344215,2306.398227
413.4,300.344215,2298.845776
413.6,300.344215,2313.234026
413.8,300.344215,2303.504414
414,300.344215,2303.016957
414.2,300.344215,2302.554022
414.4,300.344215,2297.435082
414.6,300.344215,2303.704788
414.8,300.344215,2298.704726
415,300.344215,2292.145442
415.2,300.344215,2290.402949
415.4,300.344215,2296.526688
415.6,300.344215,2304.40343
415.8,300.344215,2301.401637
416,300.344215,2305.729844
416.2,300.344215,2302.850714
416.4,300.344215,2300.182265
416.6,300.344215,2292.67399
416.8,300.344215,2289.751088
417,300.344215,2289.928565
417.2,300.344215,2301.033635
417.4,300.344215,2301.113804
417.6,300.344215,2296.784939
417.8,300.344215,2282.19764
418,300.344215,2297.05672
418.2,300.344215,2302.184199
418.4,300.344215,2301.831411
418.6,300.344215,2293.931877
418.8,300.344215,2293.388265
419,300.344215,2296.494477
419.2,300.344215,2296.838532
419.4,300.344215,2301.21559
419.6,300.344215,2291.609065
419.8,300.344215,2294.720342
420,300.344215,2294.811729
420.2,300.344215,2285.08091
420.4,300.344215,2298.812822
420.6,300.344215,2289.977947
420.8,300.344215,2297.508429
421,300.344215,2307.186107
421.2,300.344215,2311.79477
421.4,300.344215,2302.550539
421.6,300.344215,2311.513743
421.8,300.344215,2294.143136
422,300.344215,2299.153515
422.2,300.344215,2297.720066
422.4,300.344215,2303.415901
422.6,300.344215,2304.51103
422.8,300.344215,2312.005039
423,300.344215,2310.568633
423.2,300.344215,2311.474229
423.4,300.344215,2311.645428
423.6,300.344215,2308.428337
423.8,300.344215,2309.810805
424,300.344215,2300.796252
424.2,300.344215,2300.975535
424.4,300.344215,2301.034961
424.6,300.344215,2301.887211
424.8,300.344215,2308.728433
425,300.344215,2296.753612
425.2,300.344215,2318.950829
425.4,300.344215,2326.117899
425.6,300.344215,2322.102024
425.8,300.344215,2321.054947
426,300.344215,2319.958716
426.2,300.344215,2318.541859
426.4,300.344215,2317.624569
426.6,300.344215,2303.766501
426.8,300.344215,2296.980776
427,300.344215,2301.792263
427.2,300.344215,2298.702067
427.4,300.344215,2319.835261
427.6,300.344215,2318.363682
427.8,300.344215,2318.296818
428,300.344215,2328.239031
428.2,300.344215,2315.98201
428.4,300.344215,2311.765005
428.6,300.344215,2301.094303
428.8,300.344215,2305.127325
429,300.344215,2322.471939
429.2,300.344215,2317.386185
429.4,300.344215,2326.557838
429.6,300.344215,2319.8429
429.8,300.344215,2315.642706
430,300.344215,2306.437378
430.2,300.344215,2305.519492
430.4,300.344215,2296.512958
430.6,300.344215,2305.578752
430.8,300.344215,2302.544059
431,300.344215,2311.968659
431.2,300.344215,2314.205942
431.4,300.344215,2309.674655
431.6,300.344215,2300.388469
431.8,300.344215,2298.790417
432,300.344215,2307.864067
432.2,300.344215,2309.436842
432.4,300.344215,2309.940318
432.6,300.344215,2302.618934
432.8,300.344215,2313.476572
433,300.344215,2304.963684
433.2,300.344215,2299.405369
433.4,300.344215,2297.882662
433.6,300.344215,2301.372266
433.8,300.344215,2302.586509
434,300.344215,2308.389533
434.2,300.344215,2302.226101
434.4,300.344215,2303.11331
434.6,300.344215,2310.462141
434.8,300.344215,2317.238885
435,300.344215,2308.124679
435.2,300.344215,2317.073121
435.4,300.344215,2317.004367
435.6,300.344215,2320.730323
435.8,300.344215,2312.88263
436,300.344215,2308.125032
436.2,300.344215,2322.055884
436.4,300.344215,2310.665721
436.6,300.344215,2312.986815
436.8,300.344215,2302.109281
437,300.344215,2317.084729
437.2,300.344215,2315.705207
437.4,300.344215,2313.526894
437.6,300.344215,2312.486124
437.8,300.344215,2319.75474
438,300.344215,2302.619348
438.2,300.344215,2314.676095
438.4,300.344215,2329.023369
438.6,300.344215,2318.923518
438.8,300.344215,2324.616556
439,300.344215,2305.502006
439.2,300.344215,2318.209437
439.4,300.344215,2302.200837
439.6,300.344215,2325.159814
439.8,300.344215,2322.37986
440,300.344215,2308.544323
440.2,300.344215,2309.062771
440.4,300.344215,2303.684682
440.6,300.344215,2308.685717
440.8,300.344215,2314.386641
441,300.344215,2326.698883
441.2,300.344215,2324.792025
441.4,300.344215,2317.535321
441.6,300.344215,2325.641169
441.8,300.344215,2318.307233
442,300.344215,2314.91115
442.2,300.344215,2311.729663
442.4,300.344215,2306.435573
442.6,300.344215,2312.175268
442.8,300.344215,2317.383086
443,300.344215,2332.758927
443.2,300.344215,2324.78207
443.4,300.344215,2325.732509
443.6,300.344215,2337.861212
443.8,300.344215,2308.061277
444,300.344215,2321.494949
444.2,300.344215,2322.650647
444.4,300.344215,2322.928045
444.6,300.344215,2322.974791
444.8,300.344215,2322.663669
445,300.344215,2332.074886
445.2,300.344215,2328.235754
445.4,300.344215,2330.952153
445.6,300.344215,2328.759554
445.8,300.344215,2326.625355
446,300.344215,2319.683534
446.2,300.344215,2335.049855
446.4,300.344215,2327.600852
446.6,300.344215,2320.848668
446.8,300.344215,2322.495476
447,300.344215,2315.175534
447.2,300.344215,2321.995192
447.4,300.344215,2333.047853
447.6,300.344215,2334.612693
447.8,300.344215,2325.475764
448,300.344215,2322.711778
448.2,300.344215,2330.722696
448.4,300.344215,2337.567371
448.6,300.344215,2318.459513
448.8,300.344215,2326.872582
449,300.344215,2328.561959
449.2,300.344215,2329.009532
449.4,300.344215,2328.625192
449.6,300.344215,2335.270413
449.8,300.344215,2326.44991
450,300.344215,2322.519834
450.2,300.344215,2334.205558
450.4,300.344215,2331.663405
450.6,300.344215,2326.644584
450.8,300.344215,2333.936348
451,300.344215,2329.124862
451.2,300.344215,2337.093043
451.4,300.344215,2339.800334
451.6,300.344215,2339.030921
451.8,300.344215,2326.534988
452,300.344215,2338.684074
452.2,300.344215,2327.684795
452.4,300.344215,2331.789202
452.6,300.344215,2327.372909
452.8,300.344215,2319.883488
453,300.344215,2327.695118
453.2,300.344215,2334.795966
453.4,300.344215,2333.346863
453.6,300.344215,2350.620813
453.8,300.344215,2330.826651
454,300.344215,2332.047583
454.2,300.344215,2327.604229
454.4,300.344215,2321.60938
454.6,300.344215,2325.503221
454.8,300.344215,2327.47846
455,300.344215,2326.810121
455.2,300.344215,2316.835683
455.4,300.344215,2310.755446
455.6,300.344215,2316.015855
455.8,300.344215,2320.180465
456,300.344215,2314.445262
456.2,300.344215,2309.753597
456.4,300.344215,2308.766252
456.6,300.344215,2312.191922
456.8,300.344215,2314.376588
457,300.344215,2316.986463
457.2,300.344215,2323.506073
457.4,300.344215,2331.461148
457.6,300.344215,2316.306154
457.8,300.344215,2318.572944
458,300.344215,2310.282528
458.2,300.344215,2326.974731
458.4,300.344215,2316.526285
458.6,300.344215,2315.442344
458.8,300.344215,2316.797985
459,300.344215,2319.596077
459.2,300.344215,2315.387744
459.4,300.344215,2320.126154
459.6,300.344215,2332.824215
459.8,300.344215,2331.795868
460,300.344215,2332.132269
460.2,300.344215,2322.341361
460.4,300.344215,2320.576477
460.6,300.344215,2324.214238
460.8,300.344215,2328.743029
461,300.344215,2327.731296
461.2,300.344215,2328.443808
461.4,300.344215,2321.68062
461.6,300.344215,2315.332164
461.8,300.344215,2322.844502
462,300.344215,2333.098211
462.2,300.344215,2316.033373
462.4,300.344215,2326.178937
462.6,300.344215,2324.1791
462.8,300.344215,2324.006303
463,300.344215,2335.125386
463.2,300.344215,2328.301368
463.4,300.344215,2327.95685
463.6,300.344215,2322.05623
463.8,300.344215,2317.919258
464,300.344215,2333.611159
464.2,300.344215,2324.105499
464.4,300.344215,2327.757683
464.6,300.344215,2320.355133
464.8,300.344215,2320.112098
465,300.344215,2323.327419
465.2,300.344215,2314.246732
465.4,300.344215,2314.827407
465.6,300.344215,2323.979949
465.8,300.344215,2323.318363
466,300.344215,2335.800741
466.2,300.344215,2326.776843
466.4,300.344215,2313.424795
466.6,300.344215,2301.793268
466.8,300.344215,2313.89357
467,300.344215,2318.252221
467.2,300.344215,2305.065925
467.4,300.344215,2307.169578
467.6,300.344215,2319.191998
467.8,300.344215,2309.799098
468,300.344215,2298.55492
468.2,300.344215,2305.587653
468.4,300.344215,2308.27724
468.6,300.344215,2318.711443
468.8,300.344215,2334.77245
469,300.344215,2329.457665
469.2,300.344215,2334.663312
469.4,300.344215,2320.726564
469.6,300.344215,2315.351453
469.8,300.344215,2333.91866
470,300.344215,2328.961213
470.2,300.344215,2329.95105
470.4,300.344215,2341.676559
470.6,300.344215,2335.594717
470.8,300.344215,2327.190897
471,300.344215,2323.807044
471.2,300.344215,2335.672802
471.4,300.344215,2345.515534
471.6,300.344215,2347.84183
471.8,300.344215,2332.89184
472,300.344215,2325.038379
472.2,300.344215,2330.296258
472.4,300.344215,2339.621854
472.6,300.344215,2323.708259
472.8,300.344215,2322.598358
473,300.344215,2327.245779
473.2,300.344215,2328.006177
473.4,300.344215,2323.43672
473.6,300.344215,2319.086817
473.8,300.344215,2317.027067
474,300.344215,2324.118131
474.2,300.344215,2324.857878
474.4,300.344215,2330.743842
474.6,300.344215,2335.260292
474.8,300.344215,2329.695282
475,300.344215,2330.064493
475.2,300.344215,2323.932406
475.4,300.344215,2324.188786
475.6,300.344215,2328.223063
475.8,300.344215,2330.410026
476,300.344215,2336.734724
476.2,300.344215,2339.958661
476.4,300.344215,2336.60697
476.6,300.344215,2337.850879
476.8,300.344215,2337.206785
477,300.344215,2332.928867
477.2,300.344215,2330.307397
477.4,300.344215,2328.681831
477.6,300.344215,2330.488543
477.8,300.344215,2329.05685
478,300.344215,2342.295114
478.2,300.344215,2331.890926
478.4,300.344215,2341.825784
478.6,300.344215,2325.176188
478.8,300.344215,2307.620007
479,300.344215,2333.726074
479.2,300.344215,2324.130252
479.4,300.344215,2336.152331
479.6,300.344215,2333.404795
479.8,300.344215,2335.469096
480,300.344215,2330.568077
480.2,300.344215,2332.400424
480.4,300.344215,2332.805998
480.6,300.344215,2333.996173
480.8,300.344215,2328.029293
481,300.344215,2321.560989
481.2,300.344215,2326.85638
481.4,300.344215,2336.80648
481.6,300.344215,2346.262605
481.8,300.344215,2342.988617
482,300.344215,2349.987638
482.2,300.344215,2328.490779
482.4,300.344215,2339.282812
482.6,300.344215,2337.264349
482.8,300.344215,2343.379546
483,300.344215,2346.679523
483.2,300.344215,2353.55649
483.4,300.344215,2350.614408
483.6,300.344215,2336.383645
483.8,300.344215,2349.684132
484,300.344215,2333.672906
484.2,300.344215,2337.11412
484.4,300.344215,2332.55911
484.6,300.344215,2339.803121
484.8,300.344215,2347.917784
485,300.344215,2354.452091
485.2,300.344215,2354.2402
485.4,300.344215,2358.32925
485.6,300.344215,2338.914684
485.8,300.344215,2347.58845
486,300.344215,2331.44555
486.2,300.344215,2330.297521
486.4,300.344215,2338.156936
486.6,300.344215,2329.909901
486.8,300.344215,2334.322155
487,300.344215,2322.823155
487.2,300.344215,2329.987769
487.4,300.344215,2336.969781
487.6,300.344215,2334.109986
487.8,300.344215,2336.927406
488,300.344215,2337.261724
488.2,300.344215,2338.22735
488.4,300.344215,2341.391865
488.6,300.344215,2326.512688
488.8,300.344215,2326.610569
489,300.344215,2328.149026
489.2,300.344215,2341.898367
489.4,300.344215,2326.983312
489.6,300.344215,2335.13767
489.8,300.344215,2342.034944
490,300.344215,2336.558197
490.2,300.344215,2331.230472
490.4,300.344215,2327.768785
490.6,300.344215,2324.7408
490.8,300.344215,2322.210233
491,300.344215,2321.12967
491.2,300.344215,2314.314453
491.4,300.344215,2317.028063
491.6,300.344215,2322.186363
491.8,300.344215,2325.060548
492,300.344215,2339.226331
492.2,300.344215,2340.662164
492.4,300.344215,2320.362834
492.6,300.344215,2321.408262
492.8,300.344215,2323.755995
493,300.344215,2328.807347
493.2,300.344215,2330.778848
493.4,300.344215,2324.929602
493.6,300.344215,2330.950736
493.8,300.344215,2335.237636
494,300.344215,2337.898826
494.2,300.344215,2337.361282
494.4,300.344215,2327.302629
494.6,300.344215,2343.478534
494.8,300.344215,2336.585569
495,300.344215,2335.98392
495.2,300.344215,2324.429444
495.4,300.344215,2331.468385
495.6,300.344215,2337.592558
495.8,300.344215,2335.073389
496,300.344215,2340.94919
496.2,300.344215,2340.618512
496.4,300.344215,2342.508577
496.6,300.344215,2335.072742
496.8,300.344215,2324.933307
497,300.344215,2336.799837
497.2,300.344215,2327.959822
497.4,300.344215,2331.275845
497.6,300.344215,2326.412465
497.8,300.344215,2327.329045
498,300.344215,2320.431864
498.2,300.344215,2321.155616
498.4,300.344215,2314.409124
498.6,300.344215,2312.492323
498.8,300.344215,2315.465909
499,300.344215,2321.906673
499.2,300.344215,2321.965409
499.4,300.344215,2324.798789
499.6,300.344215,2319.536689
499.8,300.344215,2322.321296
500,300.344215,2322.412709
500.2,300.344215,2307.452505
500.4,300.344215,2310.656378
500.6,300.344215,2321.834136
500.8,300.344215,2316.611839
501,300.344215,2321.205735
501.2,300.344215,2316.398572
501.4,300.344215,2318.672328
501.6,300.344215,2300.788541
501.8,300.344215,2300.593926
502,300.344215,2308.020001
502.2,300.344215,2322.833663
502.4,300.344215,2332.735486
502.6,300.344215,2327.190123
502.8,300.344215,2320.970798
503,300.344215,2324.842723
503.2,300.344215,2339.051376
503.4,300.344215,2333.243014
503.6,300.344215,2336.840689
503.8,300.344215,2340.11596
504,300.344215,2347.062764
504.2,300.344215,2339.0106
504.4,300.344215,2349.221246
504.6,300.344215,2346.153548
504.8,300.344215,2350.750505
505,300.344215,2349.35544
505.2,300.344215,2342.167093
505.4,300.344215,2357.732449
505.6,300.344215,2348.419834
505.8,300.344215,2353.18109
506,300.344215,2350.347636
506.2,300.344215,2343.630052
506.4,300.344215,2352.518783
506.6,300.344215,2350.493973
506.8,300.344215,2355.169958
507,300.344215,2353.271767
507.2,300.344215,2356.280478
507.4,300.344215,2345.894986
507.6,300.344215,2358.114131
507.8,300.344215,2336.074536
508,300.344215,2333.087093
508.2,300.344215,2338.62588
508.4,300.344215,2340.685147
508.6,300.344215,2338.911291
508.8,300.344215,2339.567536
509,300.344215,2337.040904
509.2,300.344215,2336.315452
509.4,300.344215,2332.529162
509.6,300.344215,2342.464187
509.8,300.344215,2345.934259
510,300.344215,2350.757405
510.2,300.344215,2346.647452
510.4,300.344215,2342.944758
510.6,300.344215,2344.411426
510.8,300.344215,2334.752464
511,300.344215,2343.475277
511.2,300.344215,2355.324229
511.4,300.344215,2339.200002
511.6,300.344215,2345.972652
511.8,300.344215,2342.452249
512,300.344215,2338.035055
512.2,300.344215,2335.274164
512.4,300.344215,2327.740571
512.6,300.344215,2338.183105
512.8,300.344215,2341.766812
513,300.344215,2344.049017
513.2,300.344215,2332.030063
513.4,300.344215,2331.285494
513.6,300.344215,2340.49616
513.8,300.344215,2343.03387
514,300.344215,2333.306132
514.2,300.344215,2338.1815
514.4,300.344215,2336.493766
514.6,300.344215,2338.680581
514.8,300.344215,2335.017116
515,300.344215,2344.328897
515.2,300.344215,2343.1999
515.4,300.344215,2337.351516
515.6,300.344215,2337.983368
515.8,300.344215,2337.30276
516,300.344215,2352.001301
516.2,300.344215,2352.440451
516.4,300.344215,2348.028893
516.6,300.344215,2353.401966
516.8,300.343906,2347.180243
517,299.950526,2348.112353
517.2,298.999434,2346.655181
517.4,297.965772,2338.641768
517.6,297.003663,2329.70796
517.8,296.044187,2321.347848
518,295.092859,2340.816529
518.2,294.066038,2344.638258
518.4,293.109409,2340.866021
518.6,292.158699,2339.648504
518.8,291.208743,2335.897754
519,290.188306,2328.382395
519.2,289.237106,2349.436515
519.4,288.284492,2335.706053
519.6,287.266865,2313.488362
519.8,286.308576,2318.568605
520,285.354047,2313.91781
520.2,284.39883,2305.631226
520.4,283.378704,2330.152557
520.6,282.426256,2313.837841
520.8,281.471616,2306.177436
521,280.458464,2293.77958
521.2,279.509213,2302.169712
521.4,278.558504,2298.887604
521.6,277.603343,2295.770343
521.8,276.582613,2278.824427
522,275.624652,2273.629526
522.2,274.676237,2292.03258
522.4,273.64804,2274.800929
522.6,272.690669,2279.619067
522.8,271.730558,2286.500203
523,270.777739,2276.615518
523.2,269.819926,2262.81373
523.4,268.806758,2254.517928
523.6,267.858697,2268.293147
523.8,266.905666,2251.687127
524,265.877103,2251.520714
524.2,264.922474,2244.663446
524.4,263.971404,2258.157948
524.6,263.015269,2250.434656
524.8,261.991734,2231.594712
525,261.028569,2255.667115
525.2,260.06623,2250.72173
525.4,259.109032,2258.177461
525.6,258.086248,2240.2234
525.8,257.130179,2239.708158
526,256.179032,2249.303096
526.2,255.157446,2227.941653
526.4,254.196203,2220.776694
526.6,253.248493,2222.027485
526.8,252.298416,2207.376427
527,251.283014,2220.07004
527.2,250.333299,2243.177287
527.4,249.379344,2257.511824
527.6,248.427399,2259.112701
527.8,247.413661,2228.51543
528,246.435692,2207.138439
528.2,245.437494,2221.224277
528.4,244.437687,2219.05877
528.6,243.437586,2201.226481
528.8,242.43755,2212.341134
529,241.437516,2196.48822
529.2,240.437451,2205.539965
529.4,239.437352,2193.279404
529.6,238.437309,2198.034805
529.8,237.437293,2195.601522
530,236.436699,2194.23967
530.2,235.432408,2171.54623
530.4,234.432246,2189.17294
530.6,233.432394,2193.821956
530.8,232.432237,2185.575002
531,231.432173,2166.637491
531.2,230.432101,2186.10044
531.4,229.432134,2187.741577
531.6,228.43214,2171.698596
531.8,227.432139,2148.728309
532,226.432183,2165.651349
532.2,225.432284,2167.756058
532.4,224.432208,2149.247205
532.6,223.432203,2142.93231
532.8,222.432254,2157.929252
533,221.432243,2160.241835
533.2,220.432246,2140.021341
533.4,219.432191,2133.92586
533.6,218.432251,2135.501147
533.8,217.432433,2157.683207
534,216.432242,2135.468126
534.2,215.432323,2128.050499
534.4,214.432444,2142.438544
534.6,213.432333,2138.931847
534.8,212.432362,2119.127636
535,211.432436,2126.829312
535.2,210.432379,2125.806284
535.4,209.43249,2140.191125
535.6,208.432332,2108.502642
535.8,207.432348,2127.433609
536,206.432354,2125.4658
536.2,205.432207,2128.973738
536.4,204.432138,2103.499538
536.6,203.432096,2110.991195
536.8,202.432223,2108.731584
537,201.432118,2118.125613
537.2,200.432096,2096.357626
537.4,199.432168,2115.098837
537.6,198.432176,2128.446705
537.8,197.432235,2119.352412
538,196.432149,2091.284565
538.2,195.432147,2099.000474
538.4,194.43206,2095.493664
538.6,193.432031,2089.813665
538.8,192.432195,2071.984598
539,191.43218,2099.689299
539.2,190.432074,2092.075477
539.4,189.432125,2097.480616
539.6,188.432105,2081.408169
539.8,187.432143,2088.588585
540,186.432029,2082.802937
540.2,185.432109,2075.378243
540.4,184.432185,2072.868112
540.6,183.432101,2070.685971
540.8,182.43209,2075.332932
541,181.432088,2064.601433
541.2,180.432086,2070.587103
541.4,179.432115,2069.66668
541.6,178.432126,2076.675351
541.8,177.43203,2077.011277
542,176.432076,2080.778824
542.2,175.432049,2063.965847
542.4,174.432024,2068.558065
542.6,173.431983,2056.608312
542.8,172.431978,2046.124222
543,171.431979,2054.146669
543.2,170.432043,2059.3383
543.4,169.431981,2040.655631
543.6,168.432045,2048.524305
543.8,167.431977,2052.034159
544,166.432001,2061.556262
544.2,165.431964,2059.947638
544.4,164.432,2055.459461
544.6,163.432177,2041.931536
544.8,162.43194,2048.874824
545,161.431959,2035.91423
545.2,160.431997,2042.309883
545.4,159.432009,2033.29248
545.6,158.431969,2039.084627
545.8,157.431958,2033.335273
546,156.4319,2017.738605
546.2,155.431941,2012.841867
546.4,154.431867,2009.635826
546.6,153.431931,2017.154142
546.8,152.431959,2008.704805
547,151.431919,2001.552355
547.2,150.431928,1992.222656
547.4,149.431876,1992.78423
547.6,148.431818,1995.730629
547.8,147.431888,1993.871313
548,146.431938,1993.876743
548.2,145.431844,1989.265361
548.4,144.431829,1977.368696
548.6,143.431875,1977.528749
548.8,142.431934,1953.073616
549,141.431882,1954.211342
549.2,140.431896,1941.73198
549.4,139.431875,1945.948528
549.6,138.431918,1944.022263
549.8,137.431876,1948.344983
550,136.431869,1940.760356
550.2,135.431874,1948.273015
550.4,134.431908,1943.558122
550.6,133.431892,1952.27141
550.8,132.431885,1951.182917
551,131.431794,1953.767451
551.2,130.431854,1944.056061
551.4,129.431762,1941.043063
551.6,128.431846,1941.825292
551.8,127.431808,1940.141828
552,126.431791,1934.057942
552.2,125.431818,1925.020515
552.4,124.431832,1924.990388
552.6,123.431816,1914.748239
552.8,122.43185,1927.172773
553,121.431831,1915.91344
553.2,120.431742,1924.233917
553.4,119.431851,1917.039549
553.6,118.431807,1912.401964
553.8,117.431734,1912.332904
554,116.431831,1912.83049
554.2,115.431806,1892.778907
554.4,114.431756,1889.047063
554.6,113.431776,1883.635372
554.8,112.431699,1885.141932
555,111.431789,1879.615835
555.2,110.431698,1884.025502
555.4,109.431776,1879.726445
555.6,108.4318,1873.829185
555.8,107.431766,1872.436226
556,106.43172,1866.75344
556.2,105.431659,1877.028251
556.4,104.431773,1855.678917
556.6,103.431774,1865.461185
556.8,102.431823,1864.614378
557,101.431714,1862.013148
557.2,100.431783,1843.435891
557.4,99.431702,1841.375766
557.6,98.431708,1835.901454
557.8,97.43162,1849.654209
558,96.431636,1835.765975
558.2,95.431679,1840.313489
558.4,94.431692,1844.045909
558.6,93.431791,1830.958512
558.8,92.431693,1825.810212
559,91.43166,1816.643322
559.2,90.431609,1823.516177
559.4,89.431635,1817.260542
559.6,88.431694,1817.299876
559.8,87.431623,1808.959975
560,86.431639,1821.209236
560.2,85.431629,1829.418813
560.4,84.431622,1826.865256
560.6,83.43168,1813.587126
560.8,82.431599,1819.27047
561,81.43166,1810.317739
561.2,80.43161,1818.163572
561.4,79.431876,1816.025366
561.6,78.431655,1810.0152
561.8,77.43163,1803.700366
562,76.431705,1805.312761
562.2,75.431601,1805.140814
562.4,74.431623,1793.967968
562.6,73.431622,1801.557595
562.8,72.431718,1790.761492
563,71.431606,1794.68254
563.2,70.431609,1788.111257
563.4,69.431597,1790.693725
563.6,68.43158,1775.415747
563.8,67.431713,1789.757703
564,66.431486,1786.00522
564.2,65.431538,1782.738204
564.4,64.431547,1791.026121
564.6,63.431651,1782.499096
564.8,62.431478,1785.735767
565,61.431638,1777.499138
565.2,60.431549,1767.615873
565.4,59.431486,1766.67006
565.6,58.431528,1770.277828
565.8,57.431496,1759.096189
566,56.431576,1757.82056
566.2,55.431654,1748.840132
566.4,54.43159,1755.321092
566.6,53.43157,1753.018409
566.8,52.431475,1748.989071
567,51.431598,1753.879113
567.2,50.431539,1757.637437
567.4,49.431585,1742.954879
567.6,48.431585,1734.958563
567.8,47.431543,1742.84383
568,46.434539,1742.759942
568.2,45.431518,1737.586438
568.4,44.431539,1727.503785
568.6,43.431525,1747.470837
568.8,42.431535,1739.5605
569,41.431522,1733.908591
569.2,40.431463,1711.859794
569.4,39.431505,1709.737168
569.6,38.431422,1715.503771
569.8,37.431463,1713.974451
570,36.431459,1697.225399
570.2,35.432495,1705.512029
570.4,34.435607,1709.186751
570.6,33.43152,1703.230733
570.8,32.431488,1703.557796
571,31.433315,1697.983326
571.2,30.431388,1695.883041
571.4,29.431354,1685.942217
571.6,28.431726,1686.139638
571.8,27.431508,1675.422433
572,26.431426,1682.774646
572.2,25.431409,1673.06047
572.4,24.432815,1681.290433
572.6,23.431416,1671.431124
572.8,22.431488,1670.335706
573,21.431385,1671.600502
573.2,20.431361,1679.422472
573.4,19.431352,1667.983619
573.6,18.43137,1665.765444
573.8,17.433357,1666.092066
574,16.43137,1661.006594
574.2,15.43144,1663.728374
574.4,14.432085,1644.635474
574.6,13.431544,1641.201087
574.8,12.431378,1640.794406
575,11.431351,1627.921743
575.2,10.431327,1622.915733
575.4,9.431379,1627.448843
575.6,8.431421,1624.411627
575.8,7.431445,1617.988752
576,6.431366,1612.618824
576.2,5.43143,1615.498515
576.4,4.431395,1610.078637
576.6,3.431358,1599.370877
576.8,2.434264,1599.484467
577,1.436396,1588.039177
577.2,0.43505,1589.19184
