objective,metric,n,pearson_r,p_value
TO,env_skewness,7,-0.8498629135955145,0.015446078534112019
TO,env_centroid,7,0.8350465895444176,0.01938023720474569
TO,main_fwhm,7,0.576431948118643,0.17553743314401213
TO,ratio_D2_main,7,0.6655039040776783,0.10275858285147184
TO,env_kurtosis,7,-0.7096012436863544,0.07409753739630874
CO,env_skewness,7,-0.8849178010313102,0.008103268292863076
CO,env_centroid,7,0.8565663078086729,0.013831454311461048
CO,main_fwhm,7,0.2470042836852916,0.5933463913858369
CO,ratio_D2_main,7,0.9639132133269218,0.0004659897817284953
CO,env_kurtosis,7,-0.6626064963355321,0.10481452919722176
