,PC1_loading,PC2_loading
env_sigma,0.4040098189892291,-0.1412867035542122
env_skewness,0.11389348878611862,-0.25102771761756376
env_kurtosis,-0.3419960884363245,-0.008127517168274104
env_asymmetry,0.20774164128685615,-0.32000192129217814
main_fwhm,-0.30186835408817586,-0.0723061824694424
main_area,-0.17161340624873034,-0.42599362666323254
D1_fwhm,-0.21966110633040378,0.3970391976787021
D1_area,-0.08423058877471076,0.4518895060501439
D2_fwhm,0.4344251470797539,-0.000308910292679501
D2_area,0.40664647332219783,0.15377630597627348
ratio_D1_main,0.06509220755080437,0.42453695191798413
ratio_D2_main,0.3597796673712987,0.24926690678631028
