objective,specimen,segment,load_mN,depth_nm,env_centroid,env_sigma,env_skewness,env_kurtosis,env_fwhm_left,env_fwhm_right,env_asymmetry,env_peak_max_wn,main_center,main_fwhm,main_height,main_area,main_fraction,D1_center,D1_fwhm,D1_height,D1_area,D1_fraction,D2_center,D2_fwhm,D2_height,D2_area,D2_fraction,fit_redchi,ratio_D1_main,ratio_D2_main,PC1,PC2
TO,thick_FS,loading,50.0,984.61403,492.8654449072577,84.13162329895302,0.5343370309385627,-0.4737574869870147,96.72948803336112,28.431201351492632,3.40223006539549,490.7600883793566,450.18045655691554,178.61047824002185,0.0044349436678157,1.2442708106446476,0.9999999754771144,492.15854690322135,34.7508165503116,0.0021194237735662,0.1156918304171936,0.9999999999261108,638.6175773763723,71.40060094039688,0.0009792011272414,0.0744227959871239,3.9098924098368565e-10,3.7941205855293336e-08,0.0929796226251217,0.0598123779409131,-0.6921403159146287,-3.944215182800102
TO,thick_FS,loading,100.0,1428.013664,507.143977601904,87.32561355094703,0.3533492222622514,-0.7633555669203047,83.62061403475997,44.09283134685393,1.896467327692405,488.7879845251773,462.0919772765276,180.9309128201136,0.0039616085480394,0.9946995629194092,0.7226806396772346,493.1992455749327,29.304984323435647,0.00184224208037,0.0848023853810839,0.9999999997008192,639.958709199716,96.62878146898132,0.0016623115870661,0.2523125263317276,0.9999999999845788,5.691458807895743e-08,0.0852542702765364,0.2536570194031241,0.6954513123751659,-2.467650117653354
TO,thick_FS,loading,150.0,1747.607665,515.3778666668453,89.9689309127132,0.2660611765449485,-0.9066749762329844,79.29885369534401,42.169883880382486,1.8804617513361,490.7600883793566,464.7243501678794,176.91829461484176,0.0036975003018194,0.9469185141412416,0.8209954253599394,492.6924980444542,32.51800659118239,0.0015652197184258,0.0799501163809699,0.9999999905327543,645.7064493107007,117.66979465289116,0.0019369375160419,0.3580143904717741,0.999999999984571,6.620812772240178e-08,0.0844318863629744,0.3780836314056617,1.8176802642852579,-2.0744078842614435
TO,thick_FS,loading,200.0,2062.815515,519.4741733638693,91.0638841101324,0.2136530007492547,-0.9713996526499225,69.20587353201745,53.08974109145095,1.3035639675244468,484.8425015723333,476.961632791894,184.101633802896,0.0041750068604562,1.2071226288411037,0.9995966192011504,492.4392917465772,22.378531662304223,0.0009371418548674,0.0223238518917323,5.9894311732477945e-12,652.5471539541209,99.277283719967,0.0017817314333982,0.1882887352215054,5.19750908978267e-13,7.232855677010445e-08,0.0184934416424322,0.1559814477194183,0.8538195975358636,-2.8734654943823696
TO,thick_FS,loading,250.0,2359.830042,524.0899326937634,92.14822837950403,0.1697572700846787,-1.0309936675555698,61.76591607545572,28.52522568632537,2.1653085852731926,490.7600883793566,474.0609544473103,178.92234981320294,0.0039504063846538,0.974522569059844,0.7071673107888882,493.592932071813,24.899032163698926,0.0011173801228633,0.0296152670258611,2.502766817125135e-07,655.9126813866944,119.2808776161054,0.0022685226420554,0.2880355908495815,1.2878587085651816e-14,8.963820268922838e-08,0.0303895137640906,0.2955658493650481,2.0898389344724815,-2.5581791133814207
TO,thick_FS,loading,300.0,2607.978537,523.7355067076571,93.47093118780452,0.1754899613016895,-1.0529979667315492,71.04607888096092,30.55216746211857,2.325402247452672,491.7459809609973,470.0132450133352,175.78809462906463,0.0039575098084295,1.0927764717511343,0.9999999999854776,495.0923647039157,23.681475288351837,0.0012836701460133,0.0323589488458131,4.1643738457608487e-10,660.7121337321312,129.08099022185826,0.002136635346335,0.2935789474749226,1.4076263765705477e-08,1.0366698905147745e-07,0.029611681512468,0.2686541621860444,2.373896759509873,-2.8859321368147652
TO,thick_FS,unloading,0.0,1826.697231,502.2353666352463,77.963715206963,0.2041251217267901,-0.6526369140437089,67.84982150035239,62.64744245516965,1.0830421616797137,489.7740896,404.2207860898917,152.7406983353149,0.0022846540466185,0.4024474631431147,0.2389016171419902,503.9969271215932,104.93970941829076,0.0046390790226486,0.5182076737040333,1.3895799344521011e-08,621.4046885477568,65.36017748658173,0.0024059558765265,0.1930764680672314,0.4127038435645353,2.116928680209206e-08,1.2876405522768892,0.4797557091286007,-0.8284722065741533,3.571703281372815
TO,thick_FS,unloading,50.0,2037.866093,515.9149211141242,85.94919098115105,0.2205357422748145,-0.8174812542410299,0.8366318238433905,0.9258385056324414,0.9036476866685148,604.4195478,427.982291555029,159.58687304659173,0.0024486443090471,0.6138217487815356,0.9999977054559834,498.7651953256277,80.60456046281827,0.0035032172768609,0.3005791820390477,1.5422940702336518e-11,624.4202241562282,95.25993341818162,0.0025896194647502,0.3874949971859482,0.999999992428492,1.105891770685862e-07,0.4896848028531267,0.6312826125094845,0.9978491585717548,1.2145395358933726
TO,thick_FS,unloading,100.0,2124.228607,516.9286229047118,89.2544907040916,0.2409126497123074,-0.8943371845598591,61.232244049640656,51.03114389605486,1.1998995000849753,493.7174475,419.37507025652457,143.17218361880174,0.00221985297244,0.3403172814334136,0.0182966486388979,496.91657947282766,83.75771169323545,0.0035598170676849,0.3514375811080199,0.3006107566580995,633.4961070334987,127.23162451084742,0.0026973455815924,0.539077915933523,0.9999999994904516,9.244224305162076e-08,1.032676270883946,1.5840450818804477,3.483807508772036,3.0341765320218435
TO,thick_FS,unloading,150.0,2223.360358,518.2160575284411,91.86333931938316,0.2237723507435846,-0.9631580613188926,85.92070116165405,49.94954340789235,1.7201498812515277,493.7174475,421.8966829135276,147.4826525689111,0.0023429533497915,0.4196626888379631,0.3832336811206864,496.507663663596,78.94013826847842,0.0029468588515414,0.2877210575424509,0.4323625710362282,641.1859266726049,165.01532013018505,0.0025268217260099,0.6549659840424984,0.9999999981859464,7.417512417684354e-08,0.6856007579304806,1.5606962483514677,4.6207715131177824,1.9808600476279123
TO,thick_FS,unloading,200.0,2324.105796,526.8048635254218,90.82923955273844,0.1160615748227727,-1.002738009695774,60.99296482574215,51.93702441897011,1.1743638667806378,491.745981,425.7604888786041,162.73538178959274,0.0017706532250375,0.4468364869863417,0.97278110714225,493.7695531877853,89.60007293525119,0.0029735640894996,0.3426631380236724,0.5346628344575783,640.395582182952,149.40866131164924,0.0026727679881861,0.627273458999936,0.9999999977322636,8.530189025850943e-08,0.7668647212199269,1.4038098437988786,3.695242669431269,2.700362499036451
TO,thick_FS,unloading,250.0,2470.632916,524.9629970190693,94.0517781886215,0.1468342380843704,-1.084673359439884,69.17297718600719,40.60503724623664,1.7035565505464052,488.7879845,455.19605060753446,171.3095981836904,0.0030127674384256,0.6244210352499275,0.3727857175167296,491.7839227430511,31.854079539202864,0.001832936967048,0.0917133305603705,0.9999999886838064,651.6140815937936,146.34709786015068,0.0028236899298157,0.6491140307309651,0.9999999999953272,9.183895920810965e-08,0.1468773878248061,1.0395454254214131,4.23917103548478,-0.5585767759123994
CO,thin_FS,loading,50.0,931.9683691,488.8596643148409,78.21643213883756,0.415440981141788,-0.5321488439311275,105.66793725933888,53.45501478088482,1.9767637833882907,490.7619547990071,460.9667249561003,188.5121176248746,0.0047338463955832,1.1071935309540102,0.4406840068972414,491.7958147010021,23.666087658124567,0.0013442425626216,0.0499716648171923,0.999999177914832,626.322324619529,55.373867708923605,0.001148321148119,0.06768624692312,1.3248312280556009e-08,1.4729930607442253e-08,0.0451336314927115,0.0611331669042524,-1.6744612375378956,-3.118971362109376
CO,thin_FS,loading,100.0,1388.418643,504.380533529802,80.07234659066859,0.2186248449428593,-0.7182529419614987,53.09382334656112,105.9844308447046,0.5009587061363542,460.1455229652565,479.99999896955626,227.5664761205428,0.0034179371700132,0.8279508755049212,1.2212453270876722e-14,492.8871571611057,93.42339697362776,0.001626081667436,0.2111236188274958,0.7261367899154986,629.6943691887783,54.324575233256496,0.0012509954900819,0.0723409650706883,3.4104282620184285e-08,1.893675438165948e-08,0.2549953446196228,0.0873734990938581,-2.494924413188569,-0.031094671146013116
CO,thin_FS,loading,150.0,1767.112998,511.3418707610428,80.18181614459345,0.1412837487660854,-0.7372745389247335,77.22395438486359,80.40899668027936,0.9603894784550032,492.73369734218073,475.0432940228689,243.7662268352753,0.0027516280050265,0.7399426872689296,0.1087875629884192,505.4431524963744,114.42936233825402,0.002249681245395,0.2740253087920077,1.3878015403534502e-10,629.5289708044072,62.449769012793126,0.0015790399952529,0.1049678213115976,4.5255265201937795e-08,1.4044108060750918e-08,0.3703331535087043,0.1418593941363562,-2.438315772673432,0.6969387461496167
CO,thin_FS,loading,200.0,2032.917373,517.6837672778096,80.50785767566835,0.0722243097542238,-0.7551695831523557,72.17486145575538,94.0508578658672,0.7674024787598345,493.7194093095168,479.1669526862239,206.1299254713594,0.003168568532862,0.9213114627217318,0.7612391720747009,522.3619009793587,109.00651785919716,0.0019701383414291,0.2286027240937194,1.0485376622515474e-08,629.7577980452863,61.83996970971136,0.0017657105788778,0.1162307385391434,1.5412338072451348e-11,1.2877159897244082e-08,0.2481275153338295,0.126157920792362,-2.1348705114953126,0.33080567584278503
CO,thin_FS,loading,250.0,2297.756819,523.5969243894053,81.83740561819737,0.0190235606349278,-0.7804081946269554,75.85329873091581,147.61477522376686,0.5138597990338774,497.6611955508524,476.78354629641984,188.1793989087768,0.0031474647562546,0.925878002931588,0.9898143118452488,529.9999999959778,98.96856124134251,0.0020507435860629,0.2160433148248053,2.4039585266866226e-08,629.3938778040036,69.44309847287269,0.0020437705924576,0.1794736747471765,0.4908848657625996,1.2068325961429105e-08,0.2333388568912447,0.1938416013545119,-1.5241322226603053,0.46883182308362953
CO,thin_FS,loading,300.0,2459.691188,521.8916110191706,80.54417452568603,0.0342091805690616,-0.7452659054100086,74.31027010842183,143.64266861023032,0.517327273486267,495.6905147214784,473.1121249191501,177.68155585888212,0.0031475183164975,0.8784771314179103,0.9999998491223272,529.9141920301488,99.43667743819138,0.0023548089131143,0.2492502284010416,7.710426249418756e-06,629.2255718371902,64.97970442600158,0.0020683413478107,0.1644579134988266,0.4035620193013826,1.3022384418212945e-08,0.2837298997171822,0.1872079620711156,-1.6468992003738965,0.7484810927712372
CO,thin_FS,unloading,0.0,1982.849534,511.0087930057669,78.00917434158154,0.1059621960872634,-0.7019835823364375,65.86465155644345,74.72151475487061,0.8814683665409788,490.7619547990071,425.7555144439448,191.0122037932537,0.0020710217934666,0.4964065214162403,0.4706764197418612,508.7547579668114,105.63189124656265,0.0040678043607402,0.4573906929553519,3.358666678110467e-10,622.0925086071765,63.65463820694787,0.0025939908534362,0.1954766409812953,0.3128454387163402,1.1898345292258887e-08,0.9214034732066436,0.3937833862931604,-1.4901376269684647,2.8769238688996754
CO,thin_FS,unloading,50.0,2221.269492,519.7828603245867,80.04543483816559,0.0408511371052798,-0.7154530959785332,56.26023439295943,84.78812131010926,0.6635391081162161,490.7619547990071,464.4888542165244,258.2620295643193,0.0022301284475716,0.904711923905174,0.9999999999845804,513.6486308618788,103.71429442916023,0.0031699424767435,0.3499630670429245,3.7666510244172e-08,625.5869118062232,59.07630241419576,0.0021371461824057,0.1343939579984836,1.5413226250871048e-11,3.1837718922812035e-08,0.3868226534832378,0.1485488965574526,-2.903892541440821,0.8994415480463831
CO,thin_FS,unloading,100.0,2341.557597,518.6774258524232,82.01421226695885,0.1033407538757249,-0.7728688664487366,1.247229685313357,1.5628499594561165,0.7980482564989172,427.4410806490741,451.5662000084986,179.8812677455991,0.0026138140641572,0.7385510282846879,0.9999999999845788,512.8126690137307,94.2512512648694,0.0028803128189897,0.2889741480387746,2.7504520883070427e-10,623.3467285670446,69.99072497678412,0.0025256740550324,0.2712835631220331,0.9504649167746776,3.7990537914890895e-08,0.3912717428745956,0.3673186452019426,-0.7713345750825905,1.0827240761458423
CO,thin_FS,unloading,150.0,2377.920435,520.996071658696,81.08143141167561,0.0614617197349442,-0.754907854733569,77.02241690605081,77.46009659355343,0.9943496108738517,504.5552368456192,472.51877142465946,181.2842800896829,0.0031080776551839,0.8850583105317522,0.9999999999996744,520.2145591254445,91.04351308208707,0.0022949975859325,0.2224146810817866,1.7171819521877296e-12,624.9405014038755,66.53058918144124,0.0022792129073785,0.2008930985140273,0.6096774897680629,1.230505752808334e-08,0.2512994663008786,0.2269828960685412,-1.2615156930460054,0.2586296143851912
CO,thin_FS,unloading,200.0,2477.8344,521.6837053261613,81.39701364071632,0.04793681945473,-0.7651506362119558,66.94985866781872,94.8437392605082,0.705896448092656,493.7194093095168,479.9984429293892,184.89845553555196,0.0033586555726993,0.9754805851492252,0.999999999995658,524.2198054954038,90.27576281551178,0.0019098152819899,0.1835247923448233,1.367041535527136e-09,626.3609447565873,65.15005739023869,0.0020999187471947,0.1712332342857825,0.4638752883356444,1.8429977620733116e-08,0.1881378216428043,0.175537306321261,-1.5248306275502466,-0.03472312641977157
CO,thin_FS,unloading,250.0,2548.918672,520.4659993623184,80.9335702655542,0.0422729417370819,-0.7504050528834458,72.28238499483172,94.1001344805336,0.768143269867321,494.7050150968971,479.99999893667007,187.8535872576135,0.0034020606735556,1.00387912741231,0.9999999999417776,528.7795952581212,94.04068726173988,0.0019614714320751,0.1963495868216522,1.5422274568521743e-11,627.8572599970083,62.04372669517368,0.0019196121850377,0.1333103898364842,0.1520200816070228,1.2590682540067338e-08,0.195590864935882,0.1327952601027946,-1.8279626085614449,-0.053615983382732775
CO,thin_FS,unloading,300.0,2557.651898,521.8916110191706,80.54417452568603,0.0342091805690616,-0.7452659054100086,74.31027010842183,143.64266861023032,0.517327273486267,495.6905147214784,473.3258708507092,177.752079193348,0.0031548865455493,0.8808831698354604,0.9999999998971856,529.999999340304,99.4294048755062,0.0023455372954822,0.2482500776706304,1.023703344316118e-11,629.254715270532,64.89980851489074,0.0020640785698904,0.1634762828763523,0.3962834581104558,1.3019352420362194e-08,0.2818195263249278,0.1855822525328619,-1.6536392004884934,0.7364135069869971
