objective,specimen,segment,load_mN,depth_nm,env_centroid,env_sigma,env_skewness,env_kurtosis,env_fwhm_left,env_fwhm_right,env_asymmetry,env_peak_max_wn,main_center,main_fwhm,main_height,main_area,main_fraction,D1_center,D1_fwhm,D1_height,D1_area,D1_fraction,D2_center,D2_fwhm,D2_height,D2_area,D2_fraction,fit_redchi,ratio_D1_main,ratio_D2_main
TO,thick_FS,loading,0.0,0.0,437.9743641892106,54.82458913507529,1.06598719982348,2.8085708724697476,,60.113005021386186,,443.3120072552047,410.0238636534493,133.42884381609647,0.006786858868403345,0.9639416622875967,3.103785006786097e-10,483.0320116584495,46.30746341919264,0.0033651363844873976,0.16587688561999236,1.542083127858973e-11,603.1957780012228,21.276058766071962,0.000561444266462028,0.012715400461557502,1.59967039614628e-11,1.1327026138667312e-07,0.1720818718700657,0.013191047714839615
TO,thick_FS,loading,50.0,984.61403,492.8654449072577,84.13162329895302,0.5343370309385627,-0.4737574869870147,96.72948803336112,28.431201351492632,3.40223006539549,490.7600883793566,450.18045655691554,178.61047824002185,0.004434943667815738,1.2442708106446476,0.9999999754771145,492.15854690322135,34.7508165503116,0.002119423773566289,0.11569183041719366,0.9999999999261107,638.6175773763723,71.40060094039688,0.0009792011272414215,0.07442279598712398,3.909892409836857e-10,3.794120585529333e-08,0.09297962262512176,0.0598123779409131
TO,thick_FS,loading,100.0,1428.013664,507.143977601904,87.32561355094703,0.35334922226225146,-0.7633555669203047,83.62061403475997,44.09283134685393,1.896467327692405,488.7879845251773,462.0919772765276,180.93091282011358,0.003961608548039482,0.9946995629194093,0.7226806396772346,493.19924557493266,29.304984323435647,0.001842242080370004,0.08480238538108398,0.9999999997008193,639.958709199716,96.62878146898133,0.0016623115870661657,0.2523125263317276,0.9999999999845789,5.691458807895743e-08,0.08525427027653643,0.2536570194031241
TO,thick_FS,loading,150.0,1747.607665,515.3778666668453,89.9689309127132,0.2660611765449485,-0.9066749762329844,79.29885369534401,42.169883880382486,1.8804617513360997,490.7600883793566,464.7243501678794,176.91829461484176,0.003697500301819429,0.9469185141412417,0.8209954253599394,492.6924980444542,32.51800659118239,0.0015652197184258217,0.07995011638096994,0.9999999905327543,645.7064493107007,117.66979465289116,0.001936937516041904,0.3580143904717741,0.999999999984571,6.620812772240177e-08,0.08443188636297445,0.3780836314056617
TO,thick_FS,loading,200.0,2062.815515,519.4741733638693,91.0638841101324,0.21365300074925475,-0.9713996526499225,69.20587353201745,53.089741091450946,1.3035639675244468,484.8425015723333,476.961632791894,184.101633802896,0.004175006860456233,1.2071226288411037,0.9995966192011505,492.43929174657717,22.378531662304226,0.0009371418548674894,0.02232385189173236,5.9894311732477945e-12,652.5471539541209,99.277283719967,0.0017817314333982406,0.18828873522150547,5.19750908978267e-13,7.232855677010444e-08,0.018493441642432253,0.15598144771941835
TO,thick_FS,loading,250.0,2359.830042,524.0899326937634,92.14822837950403,0.1697572700846787,-1.0309936675555698,61.76591607545572,28.52522568632537,2.1653085852731926,490.7600883793566,474.0609544473103,178.92234981320294,0.003950406384653896,0.974522569059844,0.7071673107888882,493.59293207181304,24.899032163698926,0.0011173801228633294,0.029615267025861147,2.502766817125135e-07,655.9126813866944,119.2808776161054,0.0022685226420554143,0.2880355908495815,1.2878587085651816e-14,8.963820268922838e-08,0.030389513764090686,0.2955658493650481
TO,thick_FS,loading,300.0,2607.978537,523.7355067076571,93.47093118780451,0.17548996130168953,-1.0529979667315492,71.04607888096092,30.552167462118575,2.3254022474526717,491.7459809609973,470.0132450133352,175.78809462906463,0.003957509808429529,1.0927764717511343,0.9999999999854776,495.0923647039157,23.681475288351834,0.0012836701460133995,0.03235894884581314,4.164373845760849e-10,660.7121337321312,129.08099022185826,0.0021366353463350978,0.29357894747492264,1.4076263765705477e-08,1.0366698905147745e-07,0.02961168151246806,0.26865416218604443
TO,thick_FS,unloading,0.0,1826.697231,502.2353666352463,77.963715206963,0.2041251217267901,-0.6526369140437089,67.84982150035239,62.64744245516965,1.0830421616797135,489.7740896,404.22078608989165,152.7406983353149,0.0022846540466185785,0.40244746314311475,0.23890161714199026,503.99692712159316,104.93970941829076,0.0046390790226486,0.5182076737040333,1.389579934452101e-08,621.4046885477568,65.36017748658173,0.0024059558765265917,0.19307646806723144,0.4127038435645353,2.116928680209206e-08,1.2876405522768892,0.47975570912860077
TO,thick_FS,unloading,50.0,2037.866093,515.9149211141242,85.94919098115105,0.22053574227481457,-0.8174812542410299,0.8366318238433905,0.9258385056324414,0.9036476866685149,604.4195478,427.982291555029,159.58687304659173,0.0024486443090471675,0.6138217487815356,0.9999977054559834,498.76519532562764,80.60456046281827,0.0035032172768609286,0.30057918203904777,1.5422940702336518e-11,624.4202241562282,95.25993341818162,0.002589619464750269,0.38749499718594826,0.9999999924284921,1.105891770685862e-07,0.48968480285312677,0.6312826125094845
TO,thick_FS,unloading,100.0,2124.228607,516.9286229047118,89.2544907040916,0.24091264971230747,-0.8943371845598591,61.232244049640656,51.03114389605486,1.1998995000849753,493.7174475,419.37507025652457,143.17218361880174,0.0022198529724400135,0.34031728143341367,0.018296648638897905,496.91657947282766,83.75771169323545,0.003559817067684965,0.3514375811080199,0.30061075665809955,633.4961070334987,127.23162451084742,0.0026973455815924928,0.539077915933523,0.9999999994904516,9.244224305162076e-08,1.0326762708839459,1.5840450818804475
TO,thick_FS,unloading,150.0,2223.360358,518.2160575284411,91.86333931938317,0.22377235074358467,-0.9631580613188926,85.92070116165405,49.94954340789235,1.7201498812515277,493.7174475,421.8966829135276,147.48265256891113,0.0023429533497915257,0.4196626888379631,0.38323368112068645,496.50766366359596,78.94013826847842,0.0029468588515414867,0.2877210575424509,0.4323625710362282,641.1859266726049,165.01532013018505,0.0025268217260099274,0.6549659840424984,0.9999999981859464,7.417512417684353e-08,0.6856007579304806,1.5606962483514677
TO,thick_FS,unloading,200.0,2324.105796,526.8048635254218,90.82923955273843,0.11606157482277275,-1.0027380096957739,60.99296482574215,51.93702441897011,1.1743638667806378,491.745981,425.7604888786041,162.73538178959274,0.0017706532250375234,0.4468364869863417,0.9727811071422499,493.7695531877853,89.60007293525119,0.002973564089499687,0.34266313802367243,0.5346628344575783,640.395582182952,149.40866131164924,0.002672767988186131,0.627273458999936,0.9999999977322637,8.530189025850942e-08,0.7668647212199269,1.4038098437988786
TO,thick_FS,unloading,250.0,2470.632916,524.9629970190693,94.0517781886215,0.14683423808437046,-1.084673359439884,69.17297718600719,40.605037246236634,1.7035565505464052,488.7879845,455.19605060753446,171.3095981836904,0.0030127674384256243,0.6244210352499275,0.3727857175167296,491.7839227430511,31.854079539202864,0.0018329369670480463,0.09171333056037057,0.9999999886838065,651.6140815937936,146.34709786015068,0.0028236899298157577,0.6491140307309651,0.9999999999953273,9.183895920810963e-08,0.14687738782480617,1.0395454254214131
CO,thin_FS,loading,0.0,0.0,438.54394269024556,53.01909323329651,0.8166181616754468,1.741433503878187,,65.27071068737462,,438.3555184675061,406.57321722339594,131.33764580597432,0.00640328806135765,0.8952090772871208,1.3878942439760067e-10,477.9148192747829,59.45345326631892,0.003651402919057306,0.23108356221897464,5.507742040222752e-10,601.9857251470542,25.515396195490123,0.0005950984567346919,0.016163190453245324,2.6714816627526616e-05,1.0307746191975218e-07,0.2581336227278436,0.018055212869631455
CO,thin_FS,loading,50.0,931.9683691,488.8596643148409,78.21643213883756,0.41544098114178807,-0.5321488439311275,105.66793725933888,53.455014780884824,1.9767637833882907,490.7619547990071,460.9667249561003,188.5121176248746,0.004733846395583269,1.1071935309540102,0.44068400689724146,491.79581470100214,23.666087658124567,0.0013442425626216223,0.049971664817192396,0.9999991779148321,626.322324619529,55.373867708923605,0.0011483211481190486,0.06768624692312009,1.3248312280556007e-08,1.4729930607442251e-08,0.04513363149271153,0.06113316690425243
CO,thin_FS,loading,100.0,1388.418643,504.380533529802,80.07234659066859,0.21862484494285936,-0.7182529419614987,53.09382334656112,105.9844308447046,0.5009587061363542,460.1455229652565,479.99999896955626,227.5664761205428,0.003417937170013241,0.8279508755049212,1.2212453270876722e-14,492.8871571611057,93.42339697362776,0.001626081667436035,0.21112361882749586,0.7261367899154986,629.6943691887783,54.324575233256496,0.0012509954900819555,0.07234096507068832,3.410428262018428e-08,1.8936754381659477e-08,0.25499534461962287,0.08737349909385819
CO,thin_FS,loading,150.0,1767.112998,511.3418707610428,80.18181614459345,0.14128374876608543,-0.7372745389247335,77.22395438486359,80.40899668027936,0.9603894784550033,492.73369734218073,475.04329402286885,243.7662268352753,0.002751628005026586,0.7399426872689296,0.10878756298841924,505.4431524963744,114.42936233825402,0.0022496812453950037,0.2740253087920077,1.3878015403534505e-10,629.5289708044072,62.449769012793126,0.0015790399952529785,0.10496782131159765,4.525526520193779e-08,1.4044108060750918e-08,0.3703331535087043,0.1418593941363562
CO,thin_FS,loading,200.0,2032.917373,517.6837672778096,80.50785767566835,0.07222430975422385,-0.7551695831523557,72.17486145575538,94.05085786586721,0.7674024787598345,493.7194093095168,479.1669526862239,206.1299254713594,0.0031685685328620523,0.9213114627217318,0.7612391720747009,522.3619009793587,109.00651785919715,0.001970138341429114,0.2286027240937194,1.0485376622515474e-08,629.7577980452863,61.83996970971136,0.0017657105788778172,0.11623073853914345,1.5412338072451348e-11,1.2877159897244082e-08,0.2481275153338295,0.12615792079236204
CO,thin_FS,loading,250.0,2297.756819,523.5969243894053,81.83740561819737,0.01902356063492788,-0.7804081946269554,75.85329873091581,147.61477522376686,0.5138597990338774,497.6611955508524,476.78354629641984,188.17939890877682,0.003147464756254686,0.9258780029315881,0.9898143118452489,529.9999999959778,98.96856124134251,0.002050743586062902,0.21604331482480532,2.4039585266866226e-08,629.3938778040036,69.44309847287269,0.002043770592457637,0.17947367474717657,0.49088486576259965,1.2068325961429103e-08,0.23333885689124476,0.19384160135451198
CO,thin_FS,loading,300.0,2459.691188,521.8916110191706,80.54417452568603,0.03420918056906163,-0.7452659054100086,74.31027010842183,143.64266861023032,0.517327273486267,495.6905147214784,473.1121249191501,177.68155585888212,0.0031475183164975332,0.8784771314179103,0.9999998491223271,529.9141920301488,99.43667743819138,0.002354808913114398,0.2492502284010416,7.710426249418756e-06,629.2255718371902,64.97970442600158,0.002068341347810701,0.16445791349882666,0.4035620193013826,1.3022384418212945e-08,0.28372989971718227,0.18720796207111567
CO,thin_FS,unloading,0.0,1982.849534,511.0087930057669,78.00917434158154,0.10596219608726345,-0.7019835823364375,65.86465155644345,74.72151475487061,0.8814683665409788,490.7619547990071,425.75551444394483,191.0122037932537,0.0020710217934666194,0.4964065214162403,0.47067641974186125,508.75475796681144,105.63189124656265,0.0040678043607402185,0.45739069295535195,3.358666678110467e-10,622.0925086071765,63.65463820694787,0.002593990853436287,0.19547664098129536,0.3128454387163402,1.1898345292258889e-08,0.9214034732066436,0.3937833862931604
CO,thin_FS,unloading,50.0,2221.269492,519.7828603245867,80.04543483816559,0.04085113710527988,-0.7154530959785332,56.26023439295943,84.78812131010926,0.6635391081162161,490.7619547990071,464.4888542165244,258.2620295643193,0.0022301284475716265,0.904711923905174,0.9999999999845803,513.6486308618788,103.71429442916025,0.0031699424767435537,0.34996306704292457,3.7666510244172e-08,625.5869118062232,59.07630241419576,0.0021371461824057055,0.13439395799848364,1.5413226250871048e-11,3.1837718922812035e-08,0.38682265348323785,0.14854889655745263
CO,thin_FS,unloading,100.0,2341.557597,518.6774258524232,82.01421226695885,0.10334075387572492,-0.7728688664487366,1.247229685313357,1.5628499594561163,0.7980482564989172,427.4410806490741,451.5662000084986,179.8812677455991,0.00261381406415729,0.7385510282846879,0.9999999999845789,512.8126690137307,94.2512512648694,0.0028803128189897626,0.28897414803877464,2.7504520883070427e-10,623.3467285670446,69.99072497678412,0.002525674055032483,0.27128356312203317,0.9504649167746775,3.799053791489089e-08,0.39127174287459565,0.36731864520194263
CO,thin_FS,unloading,150.0,2377.920435,520.996071658696,81.08143141167561,0.06146171973494421,-0.754907854733569,77.02241690605081,77.46009659355343,0.9943496108738515,504.5552368456192,472.51877142465946,181.2842800896829,0.003108077655183925,0.8850583105317522,0.9999999999996743,520.2145591254445,91.04351308208707,0.0022949975859325547,0.22241468108178664,1.7171819521877296e-12,624.9405014038755,66.53058918144124,0.0022792129073785413,0.20089309851402737,0.6096774897680629,1.2305057528083341e-08,0.2512994663008786,0.2269828960685412
CO,thin_FS,unloading,200.0,2477.8344,521.6837053261613,81.39701364071632,0.04793681945473004,-0.7651506362119558,66.94985866781872,94.84373926050819,0.705896448092656,493.7194093095168,479.99844292938917,184.89845553555193,0.003358655572699312,0.9754805851492252,0.9999999999956579,524.2198054954038,90.27576281551178,0.001909815281989975,0.18352479234482333,1.367041535527136e-09,626.3609447565873,65.15005739023869,0.0020999187471947437,0.17123323428578252,0.46387528833564445,1.8429977620733113e-08,0.18813782164280432,0.17553730632126105
CO,thin_FS,unloading,250.0,2548.918672,520.4659993623184,80.9335702655542,0.04227294173708198,-0.7504050528834458,72.28238499483172,94.1001344805336,0.768143269867321,494.7050150968971,479.99999893667007,187.8535872576135,0.003402060673555696,1.00387912741231,0.9999999999417775,528.7795952581212,94.04068726173988,0.0019614714320751576,0.19634958682165227,1.5422274568521743e-11,627.8572599970083,62.04372669517368,0.00191961218503773,0.13331038983648424,0.1520200816070228,1.2590682540067338e-08,0.19559086493588207,0.13279526010279466
CO,thin_FS,unloading,300.0,2557.651898,521.8916110191706,80.54417452568603,0.03420918056906163,-0.7452659054100086,74.31027010842183,143.64266861023032,0.517327273486267,495.6905147214784,473.3258708507092,177.752079193348,0.0031548865455493145,0.8808831698354604,0.9999999998971856,529.999999340304,99.42940487550621,0.002345537295482251,0.24825007767063045,1.0237033443161181e-11,629.254715270532,64.89980851489074,0.002064078569890452,0.1634762828763523,0.39628345811045584,1.3019352420362194e-08,0.28181952632492785,0.1855822525328619
