objective,specimen,segment,load_mN,depth_nm,env_centroid,env_sigma,env_skewness,env_kurtosis,env_fwhm_left,env_fwhm_right,env_asymmetry,env_peak_max_wn,main_center,main_fwhm,main_height,main_area,main_fraction,D1_center,D1_fwhm,D1_height,D1_area,D1_fraction,D2_center,D2_fwhm,D2_height,D2_area,D2_fraction,fit_redchi,ratio_D1_main,ratio_D2_main,PC1,PC2
TO,thick_FS,loading,50.0,984.61403,492.86544720180143,84.13162462104631,0.5343370024730152,-0.47375756542601,96.72948811275552,28.43120176518687,3.402230018683128,490.7600883793566,450.1804580464534,178.61048261389638,0.0044349436158236,1.2442708267425338,0.99999997583988,492.1585469464766,34.75081522031009,0.0021194236052267,0.115691816800445,0.9999999999283926,638.6175792456735,71.40060725358593,0.0009792011585186,0.0744228049447148,3.909103596377861e-10,3.794120260972202e-08,0.092979610478631,0.0598123843661525,-0.6931987780059522,-3.9466844289965253
TO,thick_FS,loading,100.0,1428.013664,507.143978531409,87.32561406851094,0.3533492036028856,-0.7633555959991645,83.6206141913267,44.09283163222926,1.8964673189690304,488.7879845251773,462.0920165517812,180.9309742305611,0.0039616106813806,0.9947029218827332,0.7226865862475348,493.1992502228628,29.30495432518011,0.0018422410169204,0.0848022496193112,0.9999999996914756,639.9587082473164,96.62856899357932,0.0016623071017868,0.2523112907332139,0.9999999999845788,5.691458214128613e-08,0.0852538459008454,0.2536549206627938,0.694523113063075,-2.4696227802999857
TO,thick_FS,loading,150.0,1747.607665,515.3778661684493,89.96893085135899,0.2660611773853217,-0.9066749718487896,79.2988538440614,42.16988395712724,1.8804617514404829,490.7600883793566,464.72106798905895,176.91643275768266,0.003697306865894,0.946736866042608,0.8207010957074163,492.6922518210962,32.522402309229406,0.0015653339777183,0.0799667612935244,0.9999999999997512,645.7058880847351,117.67988359953536,0.0019371773547732,0.3580894208985905,0.999999999984579,6.620812259506861e-08,0.0844656674539232,0.3782354250082353,1.8172235476157044,-2.075735965089574
TO,thick_FS,loading,200.0,2062.815515,519.4741718622572,91.06388363206824,0.2136530314292999,-0.9713996282372022,69.20587332512076,53.08974056843806,1.3035639764693778,484.8425015723333,476.9611322826431,184.10181978932263,0.0041749773427841,1.2070553224212714,0.9994921124170444,492.4392572307387,22.3791078068778,0.0009371701397062,0.0223251004250579,2.077304994685392e-11,652.5475470355691,99.2790458289748,0.0017818287968557,0.1883023665334662,1.1353978868200444e-10,7.232857450359264e-08,0.0184955072152578,0.1560014384061075,0.853272389229594,-2.8747760112285468
TO,thick_FS,loading,250.0,2359.830042,524.0899341506993,92.1482289952696,0.1697572395544003,-1.0309936895089855,61.765916605030384,28.525225816660736,2.1653085939447583,490.7600883793566,474.0609613497601,178.9223592875248,0.0039504065353934,0.974523138964058,0.7071684932599679,493.5929321845795,24.899027826511094,0.0011173797775479,0.0296152524673412,2.2435007851484562e-07,655.9126831475537,119.28086669440064,0.0022685218240206,0.2880354606125044,2.8279767416705678e-11,8.963818785512837e-08,0.030389481053085,0.2955655428753524,2.088989102873457,-2.5598929045615986
TO,thick_FS,loading,300.0,2607.978537,523.7355062828511,93.47093105061528,0.1754899813465314,-1.052997960914723,71.04607828458501,30.55216447864308,2.3254024550125885,491.7459809609973,470.0132046341595,175.7879000788049,0.0039575106977817,1.0927755079149415,0.999999999985536,495.0923942572509,23.681441112715905,0.0012836714232432,0.0323589344336094,9.013319701711708e-09,660.7121992284744,129.0813431939477,0.00213663582849,0.2935798193871093,4.4412835853435695e-08,1.0366700717031093e-07,0.0296116944415707,0.2686551970287759,2.373022385303807,-2.88770726828063
TO,thick_FS,unloading,0.0,1826.697231,502.2353664804703,77.96371501219423,0.2041251216876595,-0.6526369105384902,67.84982146060804,62.64744233511328,1.0830421631208218,489.7740896,404.2225027493316,152.7459075533915,0.0022846785780797,0.4024914859669273,0.2390864161233145,503.9969904431488,104.93923791684148,0.0046389832368726,0.5181946491797846,3.4895606959572945e-08,621.4047502880767,65.35971049976378,0.0024059157840422,0.1930680903712629,0.4126511731629169,2.1169287355234426e-08,1.287467355824676,0.4796824208776613,-0.8288680306708675,3.569098595955799
TO,thick_FS,unloading,50.0,2037.866093,515.914921745074,85.94919132950993,0.2205357346050328,-0.81748126728393,0.8366318335320102,0.9258385163750518,0.9036476866480844,604.4195478,427.9811200066888,159.5851043013595,0.002448623785158,0.6138101592283816,0.9999989331159848,498.765032118426,80.60495891951786,0.0035032583782891,0.3005841944645027,1.540706451308438e-11,624.4202015366477,95.26037694107814,0.0025896304715554,0.3874984497021083,0.9999999998608946,1.1058917169800877e-07,0.4897022148384868,0.6313001566954043,0.9970511958194129,1.2126659779470081
TO,thick_FS,unloading,100.0,2124.228607,516.9286209743134,89.25448979036784,0.2409126849475633,-0.8943371424669952,61.23224363184869,51.03114356664168,1.1998994996434946,493.7174475,419.371357926206,143.15764824307468,0.0022194417288535,0.339777987049084,0.0142874805522619,496.92073793042977,83.76633638787699,0.003560110829272,0.3515343863902964,0.3008627099374714,633.4927648764184,127.24736384198562,0.0026978594732545,0.5392473196889158,0.9999999995248948,9.24422111487511e-08,1.0346002383595088,1.5870578443653462,3.485979345837338,3.03650595628302
TO,thick_FS,unloading,150.0,2223.360358,518.216058491716,91.86333938165266,0.2237723416536563,-0.9631580702217692,85.92070109310401,49.949543411036245,1.7201498797708734,493.7174475,421.8926041887645,147.47413769331897,0.0023427189817267,0.419424548670013,0.3821190488908067,496.508502968451,78.94519491318536,0.0029470099091692,0.2877654316374662,0.4324664312518475,641.1832391752287,165.0255441552381,0.002527037249464,0.6550624182730882,0.9999999516758068,7.417512492740167e-08,0.6860958247436035,1.561812298183972,4.62040907236514,1.9795393467957445
TO,thick_FS,unloading,200.0,2324.105796,526.804863054075,90.82923887822298,0.1160616004964105,-1.0027379946724704,60.99296463889539,51.93702410172085,1.1743638703564936,491.745981,425.7491340581378,162.7046998003274,0.0017701040384076,0.4461381726551034,0.9705113989387066,493.7697716737306,89.61570490247901,0.0029736495230033,0.3427297577815955,0.5346402892411533,640.3896505390177,149.43231085979988,0.0026735710169324,0.6275612423871268,0.999999999827481,8.530190219210226e-08,0.7682143756986919,1.4066522007124378,3.697811308038289,2.702744770473028
TO,thick_FS,unloading,250.0,2470.632916,524.9629965451345,94.05177802048372,0.1468342465498932,-1.0846733534202304,69.17297708675062,40.6050372064725,1.7035565497702423,488.7879845,455.1948283471704,171.3080140527414,0.0030126988089751,0.6243362907165071,0.3725026522589104,491.7837034857068,31.85482927631193,0.0018329478424796,0.0917160338499993,0.9999999999089402,651.6133904059631,146.35102554966787,0.0028238017316006,0.6491571536157692,0.9999999999845832,9.183896147600423e-08,0.1469016541465871,1.039755598494486,4.237951745937627,-0.5605707782683916
CO,thin_FS,loading,50.0,931.9683691,488.8596646891045,78.21643233214361,0.415440980419259,-0.5321488476230427,105.66793723144968,53.455014879830685,1.9767637792075452,490.7619547990071,460.9667232419428,188.5121247996657,0.0047338461322105,1.107193415596738,0.4406837763650366,491.7958117181815,23.66610192011621,0.0013442425253645,0.0499716931929536,0.999999163028232,626.322325924518,55.37387331156688,0.0011483212380595,0.0676862587879005,1.8415863278775646e-10,1.4729930267883402e-08,0.0451336618236848,0.0611331839897368,-1.6751681360785966,-3.120764542079931
CO,thin_FS,loading,100.0,1388.418643,504.3805336555374,80.07234666315627,0.2186248446506417,-0.7182529430669278,53.09382336479882,105.9844308903601,0.5009587060926325,460.1455229652565,479.9999998901452,227.5645594271994,0.0034181461628874,0.8279945274290506,4.347933124648762e-11,492.8879365687412,93.41639064841029,0.0016258672934489,0.2110634652863552,0.7259511552549985,629.6945240367004,54.32579431417166,0.0012510140267177,0.0723436596895663,4.123251962084851e-09,1.8936754220020762e-08,0.2549092515643962,0.0873721471495659,-2.4951928391407527,-0.032835758550571345
CO,thin_FS,loading,150.0,1767.112998,511.3418708158859,80.1818163132881,0.1412837483992859,-0.7372745420270843,77.22395472437512,80.40899678097179,0.9603894814746602,492.73369734218073,475.0455470512079,243.76948330365357,0.0027516464368421,0.7399302353790793,0.1086771423392879,505.4420903049749,114.42806617896846,0.0022496403547291,0.2740172241809104,1.3880108173935923e-10,629.5290883801449,62.44922305607937,0.0015790049022146,0.1049645693625358,1.7861709333821807e-09,1.4044107763412582e-08,0.3703284594668936,0.1418573864720647,-2.438767929645943,0.6954980125284889
CO,thin_FS,loading,200.0,2032.917373,517.6837672878031,80.50785777236163,0.0722243096851021,-0.755169584867549,72.17486151006369,94.0508579123134,0.7674024789582952,493.7194093095168,479.16182800860526,206.11719302024431,0.0031686121260802,0.921322879585279,0.7613805807347417,522.3661551134943,109.004823020981,0.0019702603716505,0.2286133301332693,2.336973625727268e-08,629.7574096086903,61.840825425986296,0.0017657782531798,0.1162368017241042,1.54216639458582e-11,1.2877159644056465e-08,0.2481359523342962,0.1261629384222246,-2.1349707457911355,0.32979469223863533
CO,thin_FS,loading,250.0,2297.756819,523.5969236757435,81.83740469157401,0.0190235635924567,-0.7804081767758175,75.85329815152636,147.6147748116581,0.5138597965434537,497.6611955508524,476.7818206356287,188.17732285926925,0.0031474325420101,0.925864704275583,0.9898288965217026,529.9999999848701,98.9682811384722,0.0020508125687771,0.2160499689241906,3.681666083110713e-12,629.3937019932988,69.4435001730061,0.0020438005334768,0.179479788622175,0.4909204610692038,1.2068327246986915e-08,0.2333493953560232,0.1938509890196149,-1.524334392241497,0.46796955781268534
CO,thin_FS,loading,300.0,2459.691188,521.89161100579,80.54417597282128,0.0342091815044918,-0.7452659327336604,74.31027050166489,143.6426689341199,0.5173272750574306,495.6905147214784,473.1985238206174,177.55390780832067,0.003152968973334,0.87936628221764,0.9999999999972288,529.9980636627962,99.3876839195862,0.0023506915963604,0.2486912098048845,5.4740323385260574e-11,629.2442032442054,64.94786301039602,0.0020670040274982,0.1640360106992,0.399695182277494,1.3019506479318676e-08,0.2828073066182612,0.1865388905809805,-1.647656904629556,0.7419295517548236
CO,thin_FS,unloading,0.0,1982.849534,511.0087929299976,78.00917446345282,0.1059621965181985,-0.7019835845923827,65.86465320402777,74.72151481655413,0.8814683878629804,490.7619547990071,425.769737108273,191.0422186819209,0.0020712155017269,0.4966457760010632,0.4712847989825526,508.7549881380396,105.6287244762459,0.0040674016269827,0.4573316980213069,4.4361425644012803e-10,622.0928255585682,63.65096367632956,0.0025936828835169,0.1954149724808354,0.3124574842039984,1.1898346446591444e-08,0.9208408087222468,0.393469514740053,-1.4914758123751355,2.873527458610487
CO,thin_FS,unloading,50.0,2221.269492,519.782860203939,80.04543505791032,0.0408511384616624,-0.7154531003463505,56.26023445112628,84.78812144344494,0.663539107758777,490.7619547990071,464.4943541931594,258.2391352375306,0.0022303461076172,0.9047200151595228,0.9999999999845776,513.6499576815584,103.71105936950872,0.0031697482899717,0.3499307106206919,1.3507120921740778e-08,625.5867664847631,59.07648190739221,0.0021371415714809,0.1343940763735895,1.5422052523916818e-11,3.183771856374926e-08,0.3867834299642316,0.148547698870012,-2.9041586197713225,0.8981160888280348
CO,thin_FS,unloading,100.0,2341.557597,518.6774250127032,82.0142120615639,0.1033407586733358,-0.7728688607468301,1.24722969559906,1.562849970586626,0.7980482573966483,427.4410806490741,451.53313234262873,179.87763001972354,0.0026128331362063,0.7382589303289397,0.999999999984579,512.8055625920101,94.26481029334248,0.0028814950269101,0.2891343461942854,1.4784638069365032e-08,623.346403777121,69.99680473805843,0.0025260131392583,0.2713654444376916,0.9506385136306734,3.799053707916925e-08,0.3916435471569011,0.3675748890931554,-0.7712578950752218,1.083267349767431
CO,thin_FS,unloading,150.0,2377.920435,520.9960721039776,81.08143206058597,0.0614617174281944,-0.7549078675525815,77.02241709377779,77.46009707857604,0.9943496070711833,504.5552368456192,472.4801197146353,181.29892825682543,0.003106418562251,0.8846573425686426,0.9999999999855652,520.2043973016774,91.0624911128495,0.0022969052619191,0.2226459602621719,3.2036395758439085e-10,624.9394157869115,66.53973314524896,0.0022797777626991,0.201009305742658,0.6101586653658965,1.2305057714398798e-08,0.251674800568217,0.2272171337650558,-1.2614208447553135,0.259884418350086
CO,thin_FS,unloading,200.0,2477.8344,521.6837046921054,81.39701241511109,0.047936822438475,-0.7651506119993443,66.94985826633848,94.84373882790771,0.7058964470793144,493.7194093095168,479.4266340348639,185.084943905608,0.0033333288847193,0.969101206750576,0.9999999999845772,524.0697023101526,90.55688376175672,0.0019398078748222,0.1869874234676021,2.3031598850309362e-10,626.3359797555097,65.3178483503404,0.0021100005926165,0.1732191822840187,0.4748532633018556,1.842983406373227e-08,0.1929493247610084,0.1787420973964398,-1.5167737767741738,-0.00022653803525907003
CO,thin_FS,unloading,250.0,2548.918672,520.4659983826522,80.93356929680645,0.0422729444639228,-0.750405034294976,72.28238460393021,94.10013415517052,0.7681432683691718,494.7050150968971,479.9999999698964,187.85592392761265,0.0034020241649971,1.0038808410543076,0.9999999992649956,528.7791016100947,94.04200071931128,0.001961488963095,0.1963540841540223,1.537181493205253e-11,627.8574055277887,62.04350181183084,0.0019195973555408,0.1333072399011967,0.1519838547145668,1.2590683841084218e-08,0.1955950110052952,0.1327918956608368,-1.8282708529325444,-0.0545382142140401
CO,thin_FS,unloading,300.0,2557.651898,521.89161100579,80.54417597282128,0.0342091815044918,-0.7452659327336604,74.31027050166489,143.6426689341199,0.5173272750574306,495.6905147214784,473.3707641638749,177.78304252674243,0.0031560352789452,0.8813573888239021,0.9999999476749122,529.9999999052874,99.41696211295589,0.0023432871076519,0.2479808826904315,4.027495004166326e-11,629.2502089894567,64.88672224455806,0.0020635904796354,0.1634453914190945,0.3969576412214769,1.3019361928777794e-08,0.2813624595821921,0.1854473491590043,-1.65471764819543,0.7328134122597838
