,PC1_loading,PC2_loading
env_sigma,0.31374554942337135,-0.3285671758586447
env_skewness,-0.26836706154514156,-0.0013350457858309905
env_kurtosis,-0.30525648897667407,0.18059492304004823
env_asymmetry,-0.014572171037006032,-0.4077560555049473
main_fwhm,-0.05197335138774842,0.028824299188454167
main_area,-0.3597762515287209,-0.266800944398946
D1_fwhm,0.12608189961202731,0.43840254030974357
D1_area,0.19974717405084375,0.44409034734151903
D2_fwhm,0.35432050018995276,-0.3121635695215944
D2_area,0.4082742985779704,-0.1572788186819099
ratio_D1_main,0.29332132959855084,0.33032527081151397
ratio_D2_main,0.4122437346549903,-0.020932940196439292
