objective,specimen,segment,load_mN,depth_nm,env_centroid,env_sigma,env_skewness,env_kurtosis,env_fwhm_left,env_fwhm_right,env_asymmetry,env_peak_max_wn,main_center,main_fwhm,main_height,main_area,main_fraction,D1_center,D1_fwhm,D1_height,D1_area,D1_fraction,D2_center,D2_fwhm,D2_height,D2_area,D2_fraction,fit_redchi,ratio_D1_main,ratio_D2_main
TO,thick_FS,loading,0.0,0.0,437.97436419384724,54.824589144443216,1.0659872016629295,2.8085708808632326,73.99394706295942,73.99394706295942,1.0,443.3120072552047,410.02386366934456,133.42884376670756,0.006786858869257649,0.9639416620521326,3.1038810410777273e-10,483.0320116605589,46.30746340262281,0.0033651363867366986,0.16587688567151226,1.5421885990463124e-11,603.1957780056265,21.27605875429821,0.0005614442665174065,0.012715400455775239,1.59967039614628e-11,1.1327026162239055e-07,0.17208187196554764,0.013191047712063258
TO,thick_FS,loading,50.0,984.61403,492.86544720180143,84.13162462104631,0.5343370024730152,-0.47375756542601,96.72948811275552,28.43120176518687,3.4022300186831282,490.7600883793566,450.1804580464534,178.61048261389638,0.004434943615823607,1.2442708267425338,0.9999999758398799,492.1585469464766,34.75081522031009,0.0021194236052267984,0.11569181680044505,0.9999999999283926,638.6175792456735,71.40060725358593,0.0009792011585186733,0.07442280494471487,3.909103596377861e-10,3.794120260972202e-08,0.09297961047863108,0.05981238436615258
TO,thick_FS,loading,100.0,1428.013664,507.143978531409,87.32561406851094,0.35334920360288563,-0.7633555959991645,83.6206141913267,44.09283163222926,1.8964673189690306,488.7879845251773,462.09201655178117,180.9309742305611,0.003961610681380664,0.9947029218827332,0.7226865862475348,493.1992502228628,29.30495432518011,0.0018422410169204636,0.08480224961931127,0.9999999996914755,639.9587082473164,96.62856899357932,0.0016623071017868496,0.2523112907332139,0.9999999999845789,5.6914582141286124e-08,0.08525384590084546,0.2536549206627938
TO,thick_FS,loading,150.0,1747.607665,515.3778661684493,89.96893085135899,0.26606117738532176,-0.9066749718487896,79.2988538440614,42.16988395712724,1.8804617514404827,490.7600883793566,464.72106798905895,176.91643275768266,0.003697306865894032,0.9467368660426079,0.8207010957074163,492.6922518210962,32.522402309229406,0.0015653339777183424,0.07996676129352442,0.9999999999997511,645.7058880847351,117.67988359953536,0.0019371773547732505,0.3580894208985905,0.999999999984579,6.620812259506861e-08,0.08446566745392328,0.3782354250082353
TO,thick_FS,loading,200.0,2062.815515,519.4741718622572,91.06388363206823,0.21365303142929998,-0.9713996282372022,69.20587332512076,53.08974056843806,1.3035639764693778,484.8425015723333,476.9611322826431,184.10181978932266,0.004174977342784105,1.2070553224212714,0.9994921124170444,492.4392572307387,22.379107806877798,0.0009371701397062304,0.022325100425057975,2.0773049946853916e-11,652.5475470355691,99.27904582897479,0.001781828796855756,0.18830236653346621,1.1353978868200443e-10,7.232857450359263e-08,0.018495507215257816,0.1560014384061075
TO,thick_FS,loading,250.0,2359.830042,524.0899341506993,92.14822899526959,0.16975723955440034,-1.0309936895089855,61.765916605030384,28.525225816660736,2.1653085939447583,490.7600883793566,474.06096134976013,178.9223592875248,0.003950406535393466,0.9745231389640581,0.7071684932599679,493.5929321845795,24.899027826511098,0.0011173797775479368,0.029615252467341202,2.2435007851484556e-07,655.9126831475537,119.28086669440064,0.0022685218240206446,0.2880354606125044,2.827976741670568e-11,8.963818785512836e-08,0.03038948105308504,0.29556554287535247
TO,thick_FS,loading,300.0,2607.978537,523.7355062828511,93.47093105061528,0.17548998134653143,-1.052997960914723,71.04607828458501,30.55216447864308,2.3254024550125885,491.7459809609973,470.0132046341595,175.7879000788049,0.003957510697781778,1.0927755079149417,0.9999999999855359,495.09239425725093,23.681441112715905,0.001283671423243213,0.03235893443360949,9.013319701711708e-09,660.7121992284744,129.0813431939477,0.0021366358284900643,0.2935798193871093,4.4412835853435695e-08,1.0366700717031091e-07,0.029611694441570708,0.2686551970287759
TO,thick_FS,unloading,0.0,1826.697231,502.23536648047025,77.96371501219423,0.20412512168765956,-0.6526369105384902,67.84982146060804,62.64744233511328,1.0830421631208218,489.7740896,404.2225027493316,152.7459075533915,0.0022846785780797126,0.4024914859669273,0.23908641612331455,503.9969904431488,104.93923791684149,0.004638983236872609,0.5181946491797846,3.4895606959572945e-08,621.4047502880767,65.35971049976378,0.0024059157840422363,0.19306809037126293,0.41265117316291694,2.1169287355234426e-08,1.287467355824676,0.47968242087766133
TO,thick_FS,unloading,50.0,2037.866093,515.914921745074,85.94919132950993,0.22053573460503287,-0.81748126728393,0.8366318335320102,0.9258385163750518,0.9036476866480845,604.4195478,427.98112000668874,159.5851043013595,0.002448623785158065,0.6138101592283816,0.9999989331159849,498.76503211842595,80.60495891951786,0.0035032583782891886,0.3005841944645027,1.540706451308438e-11,624.4202015366477,95.26037694107814,0.002589630471555404,0.38749844970210834,0.9999999998608946,1.1058917169800876e-07,0.4897022148384868,0.6313001566954043
TO,thick_FS,unloading,100.0,2124.228607,516.9286209743134,89.25448979036784,0.24091268494756338,-0.8943371424669952,61.23224363184869,51.031143566641674,1.1998994996434946,493.7174475,419.371357926206,143.15764824307468,0.002219441728853517,0.339777987049084,0.014287480552261922,496.92073793042977,83.76633638787699,0.0035601108292720746,0.35153438639029644,0.30086270993747144,633.4927648764184,127.24736384198562,0.002697859473254536,0.5392473196889158,0.9999999995248948,9.24422111487511e-08,1.0346002383595088,1.5870578443653462
TO,thick_FS,unloading,150.0,2223.360358,518.216058491716,91.86333938165266,0.22377234165365634,-0.9631580702217692,85.92070109310401,49.949543411036245,1.7201498797708734,493.7174475,421.89260418876444,147.47413769331897,0.0023427189817267335,0.419424548670013,0.3821190488908067,496.508502968451,78.94519491318536,0.0029470099091692846,0.28776543163746626,0.4324664312518475,641.1832391752287,165.0255441552381,0.0025270372494640976,0.6550624182730882,0.9999999516758068,7.417512492740166e-08,0.6860958247436035,1.561812298183972
TO,thick_FS,unloading,200.0,2324.105796,526.804863054075,90.82923887822298,0.11606160049641051,-1.0027379946724704,60.99296463889539,51.93702410172085,1.1743638703564936,491.745981,425.7491340581378,162.7046998003274,0.0017701040384076846,0.44613817265510347,0.9705113989387066,493.7697716737306,89.61570490247901,0.0029736495230033725,0.34272975778159553,0.5346402892411533,640.3896505390177,149.43231085979988,0.002673571016932403,0.6275612423871268,0.999999999827481,8.530190219210225e-08,0.7682143756986919,1.4066522007124378
TO,thick_FS,unloading,250.0,2470.632916,524.9629965451345,94.05177802048372,0.1468342465498932,-1.0846733534202304,69.17297708675062,40.6050372064725,1.7035565497702425,488.7879845,455.1948283471704,171.3080140527414,0.003012698808975126,0.6243362907165071,0.3725026522589104,491.7837034857068,31.854829276311932,0.0018329478424796333,0.09171603384999938,0.9999999999089402,651.6133904059631,146.35102554966787,0.002823801731600688,0.6491571536157692,0.9999999999845832,9.183896147600422e-08,0.1469016541465871,1.039755598494486
TO,thick_FS,unloading,300.0,2656.629072,523.7355062855645,93.47093103872204,0.17548998142057284,-1.052997960885257,71.04607832633542,30.552164436869077,2.3254024595586418,491.745981,470.0124585678443,175.7877924647631,0.00395748265077299,1.0927670943843215,0.9999999999418181,495.0923072739074,23.68340761454943,0.001283667745587954,0.03236153192439839,3.0870521278147933e-07,660.7130039086321,129.08524133764232,0.002136638024314553,0.29358898291025204,1.5924863094873842e-09,1.0366700681933365e-07,0.029614299415404045,0.268665651097102
CO,thin_FS,loading,0.0,0.0,438.543943018855,53.01909352455385,0.8166181523039983,1.7414333928622474,72.40277551740434,72.40277551740434,1.0,438.3555184675061,406.57211943216214,131.33721841877036,0.00640323551864748,0.8951988184896458,1.3879009053141544e-10,477.9142539489754,59.455157300313715,0.0036514887748790004,0.23109561967179504,8.18979112304774e-09,601.9857005158289,25.51537579497087,0.0005951008889335746,0.01616334509714923,4.619749959988706e-05,1.0307746007374152e-07,0.25815004990924034,0.0180555925268306
CO,thin_FS,loading,50.0,931.9683691,488.85966468910453,78.21643233214361,0.41544098041925903,-0.5321488476230427,105.66793723144968,53.455014879830685,1.9767637792075454,490.7619547990071,460.96672324194276,188.5121247996657,0.0047338461322105774,1.107193415596738,0.4406837763650366,491.7958117181815,23.66610192011621,0.001344242525364541,0.04997169319295369,0.9999991630282319,626.322325924518,55.37387331156688,0.001148321238059548,0.06768625878790058,1.8415863278775646e-10,1.4729930267883402e-08,0.04513366182368482,0.06113318398973686
CO,thin_FS,loading,100.0,1388.418643,504.3805336555374,80.07234666315627,0.21862484465064172,-0.7182529430669278,53.09382336479882,105.9844308903601,0.5009587060926325,460.1455229652565,479.99999989014515,227.5645594271994,0.0034181461628874266,0.8279945274290506,4.347933124648762e-11,492.88793656874117,93.41639064841027,0.0016258672934489774,0.21106346528635522,0.7259511552549985,629.6945240367004,54.32579431417166,0.0012510140267177493,0.07234365968956635,4.123251962084851e-09,1.893675422002076e-08,0.25490925156439626,0.08737214714956598
CO,thin_FS,loading,150.0,1767.112998,511.3418708158859,80.1818163132881,0.1412837483992859,-0.7372745420270843,77.22395472437512,80.40899678097179,0.9603894814746602,492.73369734218073,475.0455470512079,243.76948330365354,0.002751646436842177,0.7399302353790793,0.10867714233928794,505.44209030497484,114.42806617896846,0.0022496403547291864,0.27401722418091046,1.3880108173935923e-10,629.5290883801449,62.44922305607937,0.0015790049022146877,0.10496456936253584,1.7861709333821807e-09,1.404410776341258e-08,0.37032845946689363,0.1418573864720647
CO,thin_FS,loading,200.0,2032.917373,517.6837672878031,80.50785777236163,0.07222430968510217,-0.755169584867549,72.17486151006369,94.0508579123134,0.7674024789582952,493.7194093095168,479.16182800860526,206.11719302024431,0.003168612126080237,0.921322879585279,0.7613805807347417,522.3661551134943,109.00482302098101,0.001970260371650552,0.22861333013326934,2.3369736257272677e-08,629.7574096086903,61.840825425986296,0.0017657782531798898,0.11623680172410422,1.54216639458582e-11,1.2877159644056465e-08,0.24813595233429622,0.12616293842222462
CO,thin_FS,loading,250.0,2297.756819,523.5969236757435,81.83740469157401,0.019023563592456758,-0.7804081767758175,75.85329815152636,147.6147748116581,0.5138597965434537,497.6611955508524,476.78182063562866,188.17732285926925,0.0031474325420101025,0.925864704275583,0.9898288965217026,529.9999999848701,98.96828113847221,0.0020508125687771052,0.2160499689241906,3.681666083110713e-12,629.3937019932988,69.4435001730061,0.0020438005334768726,0.17947978862217506,0.4909204610692038,1.2068327246986915e-08,0.23334939535602328,0.19385098901961492
CO,thin_FS,loading,300.0,2459.691188,521.89161100579,80.54417597282128,0.034209181504491856,-0.7452659327336604,74.31027050166489,143.6426689341199,0.5173272750574306,495.6905147214784,473.1985238206174,177.55390780832067,0.0031529689733340994,0.87936628221764,0.9999999999972289,529.9980636627962,99.38768391958621,0.0023506915963604747,0.24869120980488457,5.474032338526058e-11,629.2442032442054,64.94786301039602,0.002067004027498231,0.16403601069920004,0.399695182277494,1.3019506479318676e-08,0.28280730661826126,0.18653889058098058
CO,thin_FS,unloading,0.0,1982.849534,511.0087929224727,78.00917446951546,0.10596219654744357,-0.7019835846888394,65.8646532883414,74.72151481879001,0.8814683889649758,490.7619547990071,425.7581425102147,191.0178536469453,0.0020710576661815173,0.4964519378599028,0.47079375446628957,508.75479600138635,105.63130664209507,0.004067729894458242,0.45737978852569894,3.3262237408848705e-10,622.0925686333179,63.6539374456198,0.0025939321710212733,0.19546487013109837,0.31277127561181417,1.1898345331437487e-08,0.9212972165993842,0.39372365223047623
CO,thin_FS,unloading,50.0,2221.269492,519.7828602039382,80.04543505790868,0.040851138461692305,-0.7154531003462608,56.26023445112628,84.78812144344494,0.663539107758777,490.7619547990071,464.494910487061,258.23734860053764,0.0022303652605308636,0.9047215249755924,0.9999999999845788,513.6500602453093,103.71078031796026,0.003169729978915109,0.3499277462355983,1.4585573859804413e-09,625.5867498856776,59.07646261290526,0.002137140074250461,0.1343939383269801,1.5431711464231057e-11,3.1837718586829e-08,0.38677950792100213,0.14854729838621422
CO,thin_FS,unloading,100.0,2341.557597,518.6774250128677,82.01421206143098,0.10334075865626982,-0.7728688607324901,1.2472296947399855,1.5628499691935076,0.7980482575583409,427.4410806490741,451.5161609533088,179.8757057430536,0.0026123304924377377,0.7381090116167093,0.9999999999845789,512.8019266350719,94.27175044040506,0.0028821027668735305,0.2892166229031434,5.015456883139535e-08,623.3462565936914,69.99997518739787,0.002526186414159179,0.2714071496509096,0.9507241224437013,3.799053663344813e-08,0.39183456420571383,0.3677060507044018
CO,thin_FS,unloading,150.0,2377.920435,520.9960721039799,81.08143206058986,0.061461717428105994,-0.7549078675527876,77.02241709377779,77.46009707857604,0.9943496070711831,504.5552368456192,472.5027968508978,181.2871613454162,0.0031074374910230766,0.8848900807882769,0.9999999999845789,520.2109775433283,91.05024370040515,0.0022957678457047287,0.2225057772035668,1.4842016504701405e-12,624.9399790885763,66.53470046404092,0.0022794586024874716,0.20094377540798725,0.6098834741630802,1.2305057028347614e-08,0.2514501880339244,0.2270833177709289
CO,thin_FS,unloading,200.0,2477.8344,521.6837046921027,81.39701241510542,0.04793682243857699,-0.7651506119990423,66.94985826633848,94.84373882790771,0.7058964470793144,493.7194093095168,479.99897213393075,184.8993185698439,0.0033586626432296485,0.9754871918681325,0.9999999999845256,524.2197269169402,90.27604702002242,0.0019097966392099307,0.1835235789296945,6.602644486708442e-09,626.3610301517649,65.14978336090348,0.0020999038283104864,0.1712299425761421,0.463854410059896,1.8429980376125272e-08,0.1881353035279047,0.17553274302681893
CO,thin_FS,unloading,250.0,2548.918672,520.4659983826533,80.93356929680827,0.04227294446388098,-0.7504050342950697,72.28238460393021,94.10013415517051,0.7681432683691718,494.7050150968971,479.9999923449945,187.84691186870978,0.0034021656211098584,1.003874412473138,0.999999981456379,528.7810158939598,94.03695207718951,0.001961422411993957,0.19633688117638326,1.5424439503419762e-11,627.8568375751526,62.04436111138181,0.0019196537732291703,0.13331908887452215,0.15211850783949948,1.2590683865345927e-08,0.19557912696737542,0.13280454927233196
CO,thin_FS,unloading,300.0,2557.651898,521.8916110057893,80.54417597281912,0.034209181504518446,-0.7452659327335405,74.31027050166489,143.6426689341199,0.5173272750574306,495.6905147214784,473.33900989660975,177.76936409229762,0.0031551075685293884,0.8810305466820827,0.9999999999151716,529.9999997318157,99.43224701967802,0.002344977952912731,0.248197971655155,1.0303702335789922e-11,629.2552345975001,64.89487199324557,0.002063823004970753,0.163433052170183,0.3961086653225697,1.3019349733948311e-08,0.28171324205483705,0.1855021404032627
